time,CTWS AVG,HTWS AVG,OA Wetbulb Temp
0, 54.2, 55.49, 40.7
60, 54.2, 55.43, 40.5
120, 54.4, 55.43, 40.4
180, 54.4, 55.51, 40.4
240, 54.4, 55.62, 40.3
300, 54.4, 55.62, 40.4
360, 54.4, 55.68, 40.4
420, 54.4, 55.73, 40.4
480, 54.4, 55.73, 40.4
540, 54.6, 55.73, 40.4
600, 54.6, 55.78, 40.3
660, 54.6, 55.78, 40.2
720, 54.6, 55.78, 40.2
780, 54.6, 55.78, 40.2
840, 54.6, 55.78, 40.2
900, 54.6, 55.73, 40.2
960, 54.6, 55.73, 40.3
1020, 54.6, 55.73, 40.4
1080, 54.6, 55.73, 40.4
1140, 54.6, 55.73, 40.4
1200, 54.6, 55.73, 40.4
1260, 54.7, 55.73, 40.4
1320, 54.7, 55.73, 40.2
1380, 54.8, 55.73, 40.1
1440, 54.9, 55.73, 40
1500, 54.9, 55.73, 40
1560, 54.9, 55.73, 40
1620, 55, 55.73, 40
1680, 55, 55.73, 40
1740, 55, 55.73, 39.8
1800, 55, 55.73, 39.8
1860, 55, 55.73, 39.9
1920, 55, 55.73, 39.8
1980, 55, 55.73, 39.8
2040, 55, 55.73, 39.7
2100, 55, 55.73, 39.8
2160, 55, 55.73, 39.8
2220, 55, 55.73, 39.8
2280, 55, 55.73, 39.8
2340, 55, 55.73, 39.8
2400, 55, 55.73, 39.8
2460, 55, 55.73, 39.8
2520, 55, 55.73, 39.8
2580, 55, 55.73, 39.7
2640, 55, 55.73, 39.7
2700, 55, 55.62, 39.6
2760, 55, 55.62, 39.6
2820, 55, 55.57, 39.6
2880, 55, 55.57, 39.6
2940, 55, 55.44, 39.5
3000, 55, 55.44, 39.5
3060, 55, 55.39, 39.5
3120, 55, 55.28, 39.5
3180, 54.9, 55.28, 39.4
3240, 54.9, 55.28, 39.5
3300, 54.7, 55.22, 39.4
3360, 54.6, 55.16, 39.4
3420, 54.5, 55.09, 39.4
3480, 54.5, 54.98, 39.4
3540, 54.5, 54.92, 39.5
3600, 54.5, 54.86, 39.4
3660, 54.5, 54.8, 39.3
3720, 54.4, 54.8, 39.2
3780, 54.4, 54.74, 39.1
3840, 54.3, 54.64, 39.1
3900, 54.2, 54.64, 39.1
3960, 54.2, 54.64, 39.1
4020, 54.2, 54.53, 39.1
4080, 54.2, 54.53, 39.1
4140, 54.2, 54.53, 39
4200, 54.2, 54.53, 38.9
4260, 54.2, 54.53, 38.9
4320, 54.2, 54.53, 38.9
4380, 54.2, 54.53, 38.8
4440, 54.2, 54.53, 38.8
4500, 54.2, 54.53, 38.8
4560, 54.2, 54.53, 38.8
4620, 54.2, 54.53, 38.8
4680, 54.2, 54.53, 38.8
4740, 54.2, 54.53, 38.9
4800, 54.2, 54.53, 38.9
4860, 54.2, 54.58, 38.8
4920, 54.2, 54.58, 38.8
4980, 54.2, 54.58, 38.7
5040, 54.2, 54.58, 38.6
5100, 54.2, 54.36, 38.7
5160, 54.2, 54.11, 38.7
5220, 54.1, 53.92, 38.7
5280, 54, 53.85, 38.7
5340, 53.8, 53.73, 38.8
5400, 53.6, 53.58, 38.8
5460, 53.3, 53.33, 38.9
5520, 53.1, 53.08, 38.9
5580, 52.9, 52.83, 39
5640, 52.8, 52.65, 39
5700, 52.6, 52.44, 39
5760, 52.3, 52.27, 39
5820, 52.2, 52.09, 39
5880, 51.9, 51.96, 38.9
5940, 51.7, 51.73, 38.9
6000, 51.3, 51.57, 38.7
6060, 51.2, 51.48, 38.7
6120, 51, 51.48, 38.7
6180, 50.8, 51.64, 38.6
6240, 50.7, 51.64, 38.6
6300, 50.6, 51.64, 38.6
6360, 50.6, 51.45, 38.7
6420, 50.7, 51.21, 38.6
6480, 50.9, 50.98, 38.6
6540, 51, 50.86, 38.6
6600, 51.2, 50.79, 38.5
6660, 51.3, 50.85, 38.5
6720, 51.4, 50.97, 38.5
6780, 51.4, 51.14, 38.5
6840, 51.4, 51.22, 38.5
6900, 51.4, 51.28, 38.5
6960, 51.4, 51.42, 38.5
7020, 51.4, 51.42, 38.5
7080, 51.4, 51.47, 38.5
7140, 51.4, 51.58, 38.6
7200, 51.4, 51.58, 38.6
7260, 51.4, 51.58, 38.6
7320, 51.4, 51.51, 38.6
7380, 51.4, 51.45, 38.6
7440, 51.5, 51.4, 38.6
7500, 51.5, 51.4, 38.6
7560, 51.6, 51.4, 38.6
7620, 51.6, 51.4, 38.7
7680, 51.7, 51.4, 38.8
7740, 51.7, 51.47, 38.8
7800, 51.7, 51.47, 38.9
7860, 51.7, 51.47, 38.9
7920, 51.7, 51.52, 39
7980, 51.7, 51.52, 38.9
8040, 51.7, 51.52, 38.9
8100, 51.7, 51.58, 38.8
8160, 51.7, 51.58, 38.8
8220, 51.8, 51.63, 38.8
8280, 51.7, 51.63, 38.8
8340, 51.8, 51.63, 38.8
8400, 51.8, 51.63, 38.8
8460, 51.8, 51.58, 38.8
8520, 51.8, 51.58, 38.8
8580, 51.8, 51.58, 38.8
8640, 51.9, 51.52, 38.8
8700, 51.8, 51.52, 38.8
8760, 51.8, 51.66, 38.8
8820, 51.8, 51.8, 38.8
8880, 51.8, 51.88, 38.8
8940, 52, 52, 38.8
9000, 52, 52, 38.7
9060, 52, 52.05, 38.7
9120, 52, 52.05, 38.8
9180, 52.1, 52.16, 38.9
9240, 52.1, 52.16, 39
9300, 52.1, 52.16, 39.1
9360, 52.1, 52.21, 39.1
9420, 52.2, 52.21, 39.2
9480, 52.2, 52.21, 39.2
9540, 52.2, 52.21, 39.3
9600, 52.2, 52.21, 39.2
9660, 52.2, 52.21, 39.3
9720, 52.1, 52.21, 39.3
9780, 52.1, 52.21, 39.3
9840, 52.1, 52.21, 39.3
9900, 52.1, 52.21, 39.3
9960, 52, 52.21, 39.4
10020, 52, 52.21, 39.3
10080, 52, 52.21, 39.4
10140, 52, 52.21, 39.4
10200, 52.1, 52.16, 39.5
10260, 52.1, 52.16, 39.4
10320, 52.2, 52.16, 39.3
10380, 52.2, 52.16, 39.4
10440, 52.2, 52.16, 39.4
10500, 52.2, 52.16, 39.5
10560, 52.2, 52.29, 39.5
10620, 52.2, 52.46, 39.5
10680, 52.2, 52.59, 39.5
10740, 52.2, 52.59, 39.5
10800, 52.2, 52.59, 39.6
10860, 52.3, 52.53, 39.6
10920, 52.4, 52.53, 39.6
10980, 52.4, 52.53, 39.6
11040, 52.4, 52.53, 39.6
11100, 52.4, 52.53, 39.7
11160, 52.4, 52.65, 39.7
11220, 52.5, 52.82, 39.7
11280, 52.5, 52.97, 39.7
11340, 52.5, 53.02, 39.8
11400, 52.5, 53.02, 39.8
11460, 52.5, 53.02, 39.8
11520, 52.5, 53.02, 39.7
11580, 52.5, 53.02, 39.7
11640, 52.6, 53.08, 39.7
11700, 52.6, 53.2, 39.7
11760, 52.7, 53.26, 39.6
11820, 52.8, 53.32, 39.6
11880, 52.8, 53.32, 39.6
11940, 52.8, 53.32, 39.7
12000, 52.8, 53.32, 39.7
12060, 52.8, 53.32, 39.7
12120, 52.9, 53.32, 39.7
12180, 52.9, 53.44, 39.7
12240, 52.9, 53.44, 39.7
12300, 52.8, 53.58, 39.8
12360, 52.8, 53.7, 39.8
12420, 52.9, 53.7, 39.9
12480, 52.8, 53.7, 39.9
12540, 52.8, 53.58, 39.9
12600, 52.8, 53.53, 39.9
12660, 52.8, 53.53, 39.9
12720, 52.8, 53.61, 39.9
12780, 52.8, 53.66, 39.9
12840, 52.9, 53.72, 39.9
12900, 52.9, 53.72, 39.9
12960, 52.9, 53.72, 39.9
13020, 52.9, 53.61, 39.9
13080, 52.9, 53.61, 39.9
13140, 52.9, 53.61, 39.9
13200, 52.8, 53.61, 39.9
13260, 52.8, 53.78, 39.9
13320, 52.8, 53.94, 39.9
13380, 52.8, 54.12, 39.9
13440, 52.8, 54.24, 39.9
13500, 52.8, 54.24, 39.9
13560, 52.8, 54.18, 39.9
13620, 52.8, 54.1, 39.9
13680, 52.8, 53.99, 39.9
13740, 52.8, 53.99, 39.9
13800, 52.8, 54.16, 39.9
13860, 52.8, 54.59, 39.9
13920, 52.9, 55.01, 39.9
13980, 52.9, 55.15, 39.9
14040, 52.9, 55.28, 39.9
14100, 52.9, 55.28, 39.9
14160, 52.9, 55.28, 39.8
14220, 52.9, 55.43, 39.8
14280, 53, 55.58, 39.8
14340, 53, 55.58, 39.8
14400, 53, 55.58, 39.8
14460, 53, 55.27, 39.8
14520, 53, 55, 39.8
14580, 53, 54.87, 39.8
14640, 53, 54.76, 39.8
14700, 53.1, 54.76, 39.8
14760, 53.1, 54.76, 39.9
14820, 53.2, 54.82, 40
14880, 53.2, 54.88, 40
14940, 53.2, 54.93, 40
15000, 53.2, 54.93, 40
15060, 53.2, 54.93, 40
15120, 53.2, 54.93, 40
15180, 53.1, 55.07, 40
15240, 53, 55.18, 39.9
15300, 53, 55.18, 39.9
15360, 53, 55.18, 39.9
15420, 53, 55.18, 39.9
15480, 52.8, 55.18, 39.9
15540, 52.8, 55.18, 40
15600, 52.8, 55.01, 40
15660, 52.7, 54.82, 40.1
15720, 52.6, 54.74, 40.1
15780, 52.6, 54.68, 40.1
15840, 52.6, 54.68, 40.2
15900, 52.6, 54.68, 40.2
15960, 52.6, 54.68, 40.2
16020, 52.6, 54.68, 40.1
16080, 52.6, 54.68, 40.1
16140, 52.6, 54.73, 40.1
16200, 52.6, 54.66, 40
16260, 52.5, 54.5, 40
16320, 52.5, 54.35, 40
16380, 52.5, 54.24, 40
16440, 52.5, 54.24, 40
16500, 52.5, 54.24, 40
16560, 52.5, 54.3, 39.9
16620, 52.5, 54.54, 40
16680, 52.5, 54.84, 40
16740, 52.5, 55.15, 40
16800, 52.5, 55.27, 40
16860, 52.5, 55.33, 40.1
16920, 52.5, 55.33, 40.1
16980, 52.5, 55.27, 40
17040, 52.5, 55.27, 40.1
17100, 52.6, 55.27, 40
17160, 52.6, 55.4, 39.8
17220, 52.6, 55.54, 39.8
17280, 52.6, 55.54, 39.8
17340, 52.7, 55.54, 39.7
17400, 52.7, 55.4, 39.8
17460, 52.9, 55.08, 39.9
17520, 53.1, 54.84, 40
17580, 53.1, 54.63, 39.9
17640, 53.1, 54.63, 39.9
17700, 53.3, 54.63, 39.9
17760, 53.3, 54.87, 39.9
17820, 53.3, 55.04, 39.9
17880, 53.3, 55.17, 39.8
17940, 53.3, 55.17, 39.8
18000, 53.3, 55.17, 39.7
18060, 53.3, 55.17, 39.8
18120, 53.3, 55.22, 39.8
18180, 53.2, 55.36, 39.7
18240, 53.2, 55.47, 39.7
18300, 53, 55.54, 39.8
18360, 53, 55.47, 39.7
18420, 53, 55.14, 39.6
18480, 53, 54.83, 39.6
18540, 53, 54.55, 39.6
18600, 53, 54.39, 39.7
18660, 53, 54.27, 39.7
18720, 53, 54.14, 39.6
18780, 53, 54.14, 39.6
18840, 53, 54.2, 39.5
18900, 53, 54.36, 39.5
18960, 53, 54.58, 39.5
19020, 53, 54.7, 39.4
19080, 52.9, 54.82, 39.4
19140, 52.8, 54.82, 39.3
19200, 52.7, 54.82, 39.3
19260, 52.7, 54.82, 39.3
19320, 52.5, 54.82, 39.3
19380, 52.5, 54.76, 39.4
19440, 52.5, 54.76, 39.4
19500, 52.5, 54.71, 39.5
19560, 52.5, 54.65, 39.5
19620, 52.5, 54.5, 39.5
19680, 52.5, 54.34, 39.5
19740, 52.5, 54.22, 39.5
19800, 52.5, 54.22, 39.4
19860, 52.5, 54.28, 39.4
19920, 52.5, 54.34, 39.4
19980, 52.5, 54.4, 39.5
20040, 52.5, 54.51, 39.5
20100, 52.5, 54.51, 39.4
20160, 52.5, 54.45, 39.5
20220, 52.5, 54.45, 39.4
20280, 52.5, 54.71, 39.4
20340, 52.5, 55.15, 39.4
20400, 52.5, 55.67, 39.4
20460, 52.5, 56.17, 39.4
20520, 52.5, 56.62, 39.4
20580, 52.5, 57.07, 39.4
20640, 52.6, 57.52, 39.4
20700, 52.6, 57.65, 39.4
20760, 52.8, 57.54, 39.4
20820, 52.9, 57.13, 39.4
20880, 53.5, 56.52, 39.4
20940, 54, 55.75, 39.3
21000, 54.6, 55.53, 39.2
21060, 55, 55.53, 39.2
21120, 55.3, 55.58, 39.1
21180, 55.5, 55.52, 39
21240, 55.6, 55.4, 38.9
21300, 55.6, 55.4, 38.8
21360, 55.6, 55.55, 38.7
21420, 55.3, 55.66, 38.7
21480, 55.1, 55.66, 38.6
21540, 54.9, 55.61, 38.6
21600, 54.6, 55.28, 38.6
21660, 54.3, 54.79, 38.5
21720, 54, 54.37, 38.4
21780, 53.5, 54.01, 38.4
21840, 53.1, 53.68, 38.3
21900, 52.6, 53.34, 38.3
21960, 52.3, 52.93, 38.3
22020, 52.2, 52.5, 38.2
22080, 52.2, 52.15, 38.2
22140, 52.2, 51.96, 38.1
22200, 52.2, 51.9, 38.1
22260, 52.2, 51.9, 38.1
22320, 52.2, 52.03, 38.1
22380, 52, 52.17, 38.2
22440, 51.7, 52.42, 38.3
22500, 51.5, 52.77, 38.3
22560, 51.3, 53.14, 38.4
22620, 51.1, 53.42, 38.3
22680, 51, 53.53, 38.3
22740, 50.8, 53.53, 38.2
22800, 50.8, 53.53, 38.3
22860, 50.9, 53.4, 38.2
22920, 51.1, 53.25, 38.2
22980, 51.2, 53.25, 38.2
23040, 51.4, 53.25, 38.2
23100, 51.8, 53.45, 38.3
23160, 51.8, 53.77, 38.3
23220, 52, 54.14, 38.2
23280, 52.1, 54.48, 38.1
23340, 52.1, 54.61, 38.1
23400, 52.1, 54.78, 38.1
23460, 52.1, 54.93, 38
23520, 52.1, 54.93, 38
23580, 52, 54.53, 37.9
23640, 52, 54.14, 37.9
23700, 52, 53.77, 37.9
23760, 52, 53.57, 37.9
23820, 52, 53.5, 37.9
23880, 52, 53.5, 37.9
23940, 52.1, 53.5, 38
24000, 52.1, 53.93, 38
24060, 52.1, 54.6, 38
24120, 52.1, 55.03, 37.9
24180, 52, 55.15, 37.8
24240, 51.9, 55.15, 37.8
24300, 51.9, 54.72, 37.7
24360, 51.9, 54.26, 37.7
24420, 51.9, 53.82, 37.7
24480, 52, 53.5, 37.8
24540, 52.1, 53.39, 37.7
24600, 52.3, 53.39, 37.7
24660, 52.4, 53.67, 37.6
24720, 52.4, 54, 37.5
24780, 52.4, 54.34, 37.5
24840, 52.4, 54.61, 37.5
24900, 52.4, 54.74, 37.6
24960, 52.4, 54.74, 37.6
25020, 52.2, 54.59, 37.6
25080, 52.2, 54.3, 37.6
25140, 52.2, 54.05, 37.6
25200, 52.2, 53.82, 37.5
25260, 52.2, 53.69, 37.5
25320, 52.3, 53.62, 37.5
25380, 52.4, 53.62, 37.3
25440, 52.4, 53.68, 37.3
25500, 52.4, 53.81, 37.3
25560, 52.4, 53.87, 37.2
25620, 52.4, 53.87, 37.3
25680, 52.4, 53.87, 37.3
25740, 52.4, 53.87, 37.3
25800, 52.4, 53.72, 37.3
25860, 52.4, 53.6, 37.3
25920, 52.4, 53.54, 37.3
25980, 52.4, 53.49, 37.2
26040, 52.4, 53.42, 37.2
26100, 52.3, 53.42, 37.2
26160, 52.2, 53.42, 37.2
26220, 52.1, 53.49, 37.2
26280, 52.1, 53.65, 37.2
26340, 52, 53.82, 37.2
26400, 51.9, 53.88, 37.2
26460, 51.8, 53.82, 37.2
26520, 51.7, 53.29, 37.2
26580, 51.7, 52.68, 37.2
26640, 51.7, 52.27, 37.2
26700, 51.7, 52.15, 37.2
26760, 51.7, 52.42, 37.2
26820, 51.7, 52.94, 37.3
26880, 51.7, 53.07, 37.3
26940, 51.7, 53.07, 37.2
27000, 51.8, 52.81, 37.2
27060, 51.8, 52.58, 37.2
27120, 51.8, 52.47, 37.3
27180, 51.8, 52.41, 37.3
27240, 51.8, 52.34, 37.2
27300, 51.8, 52.34, 37.2
27360, 51.8, 52.39, 37.2
27420, 51.8, 52.39, 37.2
27480, 51.8, 52.39, 37.2
27540, 51.8, 52.39, 37.2
27600, 51.8, 52.44, 37.2
27660, 51.8, 52.44, 37.2
27720, 51.8, 52.51, 37.3
27780, 51.8, 52.57, 37.3
27840, 51.9, 52.57, 37.3
27900, 51.9, 52.57, 37.3
27960, 52, 52.57, 37.3
28020, 52, 52.57, 37.4
28080, 52.2, 52.62, 37.4
28140, 52.2, 52.7, 37.4
28200, 52.2, 52.92, 37.4
28260, 52.2, 53.2, 37.4
28320, 52.2, 53.32, 37.5
28380, 52.2, 53.16, 37.5
28440, 52.2, 52.88, 37.6
28500, 52.2, 52.82, 37.6
28560, 52.2, 52.89, 37.6
28620, 52.2, 53.33, 37.5
28680, 52.2, 53.7, 37.5
28740, 52.2, 53.94, 37.6
28800, 52.2, 54.24, 37.6
28860, 52.2, 54.37, 37.7
28920, 52.4, 54.5, 37.8
28980, 52.4, 54.67, 37.8
29040, 52.4, 55.09, 37.9
29100, 52.4, 55.73, 37.8
29160, 52.5, 56.42, 37.9
29220, 52.5, 56.77, 38
29280, 52.6, 56.62, 38.1
29340, 52.6, 56.14, 38.1
29400, 52.7, 55.55, 38.2
29460, 52.9, 55.04, 38.2
29520, 53.4, 54.69, 38.3
29580, 54, 54.64, 38.4
29640, 54.4, 54.76, 38.4
29700, 54.7, 55.13, 38.4
29760, 55, 55.54, 38.5
29820, 55.1, 55.85, 38.5
29880, 55.3, 55.96, 38.6
29940, 55.4, 56.07, 38.7
30000, 55.4, 55.75, 38.9
30060, 55.5, 55.64, 39
30120, 55.5, 55.64, 38.9
30180, 55.2, 55.5, 39
30240, 54.9, 55.22, 39.2
30300, 54.7, 54.97, 39.3
30360, 54.4, 54.71, 39.4
30420, 54.1, 54.45, 39.5
30480, 54.1, 54.19, 39.4
30540, 54.1, 54.05, 39.5
30600, 53.9, 53.88, 39.7
30660, 53.9, 53.75, 39.8
30720, 53.9, 53.69, 39.8
30780, 53.8, 53.63, 39.8
30840, 53.8, 53.58, 39.9
30900, 53.8, 53.53, 39.9
30960, 53.8, 53.53, 39.9
31020, 53.9, 53.53, 39.9
31080, 53.9, 53.53, 40
31140, 53.9, 53.53, 40
31200, 53.9, 53.53, 40
31260, 53.9, 53.53, 40
31320, 53.8, 53.59, 40
31380, 53.7, 53.59, 40.1
31440, 53.6, 53.65, 40.2
31500, 53.3, 53.71, 40.3
31560, 53, 53.81, 40.4
31620, 52.7, 53.87, 40.4
31680, 52.6, 53.87, 40.5
31740, 52.4, 53.87, 40.5
31800, 52.3, 53.82, 40.6
31860, 52.2, 53.82, 40.7
31920, 52.1, 53.82, 40.7
31980, 52.1, 53.87, 40.7
32040, 52.1, 53.87, 40.7
32100, 52.1, 53.82, 40.8
32160, 52.1, 53.99, 40.9
32220, 52.3, 54.24, 40.9
32280, 52.4, 54.4, 41
32340, 52.6, 54.59, 40.9
32400, 52.6, 54.66, 40.9
32460, 52.8, 54.78, 40.9
32520, 52.8, 54.78, 41
32580, 53, 54.85, 41.1
32640, 53, 54.85, 41
32700, 53, 54.37, 41.1
32760, 53, 53.82, 41.1
32820, 53, 53.66, 41.2
32880, 52.9, 53.92, 41.3
32940, 52.7, 54.41, 41.4
33000, 52.7, 54.82, 41.5
33060, 52.7, 54.97, 41.5
33120, 52.7, 55.1, 41.5
33180, 52.9, 55.05, 41.5
33240, 52.9, 55.05, 41.6
33300, 52.9, 55.13, 41.7
33360, 53, 55.26, 41.7
33420, 53.1, 55.36, 41.6
33480, 53.2, 55.52, 41.6
33540, 53.3, 55.67, 41.6
33600, 53.4, 55.88, 41.7
33660, 53.6, 56.05, 41.7
33720, 53.6, 56.31, 41.8
33780, 53.6, 56.48, 42
33840, 53.6, 56.66, 42
33900, 53.7, 56.82, 42
33960, 53.7, 56.88, 41.9
34020, 53.7, 56.88, 41.9
34080, 53.8, 56.79, 42
34140, 53.8, 56.52, 42.1
34200, 54, 56.23, 42.2
34260, 54, 56.03, 42.3
34320, 54.1, 55.97, 42.2
34380, 54.2, 56.02, 42.4
34440, 54.3, 56.25, 42.6
34500, 54.3, 56.66, 42.6
34560, 54.3, 57.25, 42.4
34620, 54.3, 57.61, 42.5
34680, 54.3, 57.74, 42.6
34740, 54.3, 57.74, 42.8
34800, 54.3, 57.37, 42.9
34860, 54.5, 56.99, 42.8
34920, 54.8, 56.69, 42.9
34980, 55, 56.56, 42.8
35040, 55.1, 56.56, 42.9
35100, 55.4, 56.83, 42.8
35160, 55.5, 57.11, 42.8
35220, 55.5, 57.23, 42.6
35280, 55.5, 57.39, 42.6
35340, 55.5, 57.44, 42.6
35400, 55.4, 57.44, 42.7
35460, 55.4, 57.44, 42.7
35520, 55.4, 57.39, 42.8
35580, 55.4, 57.39, 42.9
35640, 55.4, 57.39, 42.9
35700, 55.4, 57.39, 42.9
35760, 55.4, 57.39, 42.9
35820, 55.5, 57.39, 42.9
35880, 55.5, 57.53, 42.8
35940, 55.5, 57.65, 42.9
36000, 55.5, 57.7, 42.9
36060, 55.5, 57.75, 42.9
36120, 55.6, 57.75, 43.1
36180, 55.7, 57.6, 43.2
36240, 55.8, 57.48, 43.2
36300, 55.9, 57.48, 43.3
36360, 56, 57.48, 43.4
36420, 56.2, 57.53, 43.5
36480, 56.2, 57.67, 43.5
36540, 56.2, 57.74, 43.5
36600, 56.2, 57.8, 43.5
36660, 56.3, 57.85, 43.4
36720, 56.3, 57.9, 43.4
36780, 56.3, 58.02, 43.5
36840, 56.3, 58.02, 43.6
36900, 56.4, 58.02, 43.7
36960, 56.4, 58.02, 43.7
37020, 56.4, 58.02, 43.8
37080, 56.6, 58.02, 43.9
37140, 56.7, 58.02, 43.9
37200, 56.7, 58.15, 43.8
37260, 56.7, 58.15, 43.7
37320, 56.7, 58.21, 43.8
37380, 56.7, 58.21, 43.8
37440, 56.8, 58.21, 43.8
37500, 56.9, 58.21, 43.8
37560, 56.9, 58.21, 43.8
37620, 56.9, 58.21, 43.9
37680, 57, 58.21, 43.9
37740, 57, 58.21, 43.9
37800, 57, 58.21, 44
37860, 57, 58.21, 44
37920, 57, 58.21, 44
37980, 57, 58.21, 44.1
38040, 57, 58.15, 44.2
38100, 57, 58.15, 44.2
38160, 57, 58.15, 44.1
38220, 57, 58.15, 44.2
38280, 57, 58.09, 44.2
38340, 57, 57.97, 44.2
38400, 57, 57.91, 44.3
38460, 57, 57.91, 44.3
38520, 57, 57.86, 44.4
38580, 57, 57.81, 44.5
38640, 57, 57.81, 44.5
38700, 57, 57.75, 44.5
38760, 57, 57.75, 44.6
38820, 57, 57.75, 44.6
38880, 57, 57.75, 44.7
38940, 57, 57.75, 44.7
39000, 56.8, 57.75, 44.6
39060, 56.7, 57.7, 44.7
39120, 56.5, 57.65, 44.8
39180, 56.5, 57.65, 44.9
39240, 56.3, 57.54, 45
39300, 56.3, 57.54, 45.1
39360, 56.2, 57.54, 45.1
39420, 56, 57.54, 45
39480, 56, 57.54, 45
39540, 56, 57.66, 45
39600, 55.7, 57.93, 45.1
39660, 55.6, 58.24, 45.1
39720, 55.6, 58.53, 45.1
39780, 55.4, 58.72, 45.2
39840, 55.4, 58.72, 45.1
39900, 55.4, 58.39, 45.1
39960, 55.7, 58.07, 45.1
40020, 55.9, 57.88, 45.2
40080, 56.1, 57.73, 45.3
40140, 56.3, 57.73, 45.3
40200, 56.5, 57.82, 45.4
40260, 56.6, 58.19, 45.4
40320, 56.7, 58.52, 45.3
40380, 57, 58.7, 45.3
40440, 57, 58.77, 45.4
40500, 57, 58.77, 45.5
40560, 57, 58.77, 45.6
40620, 57, 58.77, 45.6
40680, 57, 58.72, 45.9
40740, 57, 58.66, 46
40800, 57, 58.66, 45.9
40860, 57, 58.53, 45.9
40920, 57, 58.37, 45.9
40980, 57, 58.32, 45.9
41040, 57, 58.27, 45.9
41100, 57, 58.27, 45.9
41160, 57, 58.88, 45.9
41220, 57, 60.01, 45.9
41280, 57, 61.23, 45.8
41340, 57.1, 62.1, 45.9
41400, 57.1, 62.48, 46
41460, 57.4, 62.48, 45.9
41520, 57.5, 62.26, 45.9
41580, 57.9, 61.66, 46
41640, 58.7, 61.03, 46.1
41700, 59.4, 60.69, 46.1
41760, 60, 60.74, 46.2
41820, 60.5, 61.28, 46.2
41880, 60.7, 61.98, 46.1
41940, 60.8, 62.6, 46.2
42000, 60.8, 62.78, 46.1
42060, 60.8, 62.78, 46.1
42120, 60.8, 62.42, 46.1
42180, 60.8, 61.75, 46.1
42240, 60.6, 61.39, 46.1
42300, 60.5, 61.09, 46.1
42360, 60.3, 60.98, 46.1
42420, 60, 60.77, 46.2
42480, 59.8, 60.51, 46.2
42540, 59.7, 60.27, 46.3
42600, 59.5, 60.12, 46.4
42660, 59.4, 59.97, 46.5
42720, 59.4, 59.83, 46.6
42780, 59.4, 59.7, 46.6
42840, 59.3, 59.63, 46.7
42900, 59.3, 59.63, 46.8
42960, 59.3, 59.63, 46.8
43020, 59.3, 59.53, 46.8
43080, 59.3, 59.53, 47
43140, 59.3, 59.53, 47.1
43200, 59.3, 59.53, 47.1
43260, 59.3, 59.53, 47.1
43320, 59.2, 59.53, 47.2
43380, 59.1, 59.53, 47.3
43440, 59, 59.4, 47.8
43500, 58.9, 59.25, 48.2
43560, 58.9, 59.25, 48.5
43620, 58.8, 59.14, 48.6
43680, 58.7, 59.14, 48.8
43740, 58.7, 59.14, 48.6
43800, 58.7, 59.2, 48.4
43860, 58.5, 59.35, 48.1
43920, 58.4, 59.49, 48.1
43980, 58.2, 59.84, 48
44040, 58.1, 60.29, 47.8
44100, 57.9, 60.87, 47.7
44160, 57.7, 61.09, 47.8
44220, 57.6, 61.14, 48.2
44280, 57.4, 61.04, 48.2
44340, 57.4, 60.91, 48.2
44400, 57.5, 60.79, 48.1
44460, 57.7, 60.71, 48.1
44520, 57.9, 60.71, 48.4
44580, 58.2, 60.79, 49.2
44640, 58.4, 61.1, 49.2
44700, 58.4, 61.49, 49
44760, 58.6, 62.01, 48.9
44820, 58.6, 62.48, 48.9
44880, 58.7, 62.81, 48.8
44940, 58.7, 62.81, 48.7
45000, 58.7, 62.58, 48.7
45060, 58.7, 62.11, 48.7
45120, 58.8, 61.65, 48.6
45180, 59.1, 61.31, 48.6
45240, 59.2, 61.26, 48.8
45300, 59.5, 61.59, 49.1
45360, 59.5, 62.32, 49.8
45420, 59.6, 62.98, 50
45480, 59.6, 63.22, 50
45540, 59.7, 62.46, 50.1
45600, 59.7, 61.4, 49.6
45660, 59.7, 60.56, 49.3
45720, 59.7, 60.09, 49.4
45780, 59.5, 59.98, 49.6
45840, 59.2, 59.98, 49.7
45900, 58.9, 59.98, 49.9
45960, 58.6, 59.98, 49.8
46020, 58.2, 60.03, 49.5
46080, 57.9, 59.85, 49.4
46140, 57.6, 59.45, 49.4
46200, 57.5, 59.01, 49.4
46260, 57.5, 58.82, 49.4
46320, 57.5, 58.56, 50
46380, 57.6, 58.39, 50.7
46440, 57.9, 58.19, 50.8
46500, 58.2, 58.07, 50.3
46560, 58.6, 58.12, 50
46620, 58.8, 58.38, 49.7
46680, 59, 58.38, 49.6
46740, 59.1, 58.38, 49.5
46800, 59.3, 58.73, 49.4
46860, 59.3, 59.13, 49.4
46920, 59.3, 59.55, 49.4
46980, 59.3, 59.83, 49.3
47040, 59.3, 59.93, 49.2
47100, 59.3, 59.93, 49.3
47160, 59.5, 59.93, 49.2
47220, 59.6, 59.93, 49.2
47280, 59.6, 59.93, 49.1
47340, 59.7, 59.93, 49.1
47400, 59.7, 59.93, 49.2
47460, 59.7, 59.93, 49.6
47520, 59.7, 60, 50
47580, 59.7, 60.13, 49.9
47640, 59.7, 60.23, 49.7
47700, 59.7, 60.28, 49.5
47760, 59.7, 60.33, 49.4
47820, 59.7, 60.33, 49.4
47880, 59.7, 60.33, 49.2
47940, 59.7, 60.33, 49.4
48000, 59.7, 60.33, 49.8
48060, 59.7, 60.33, 50.1
48120, 59.7, 60.33, 50
48180, 59.8, 60.33, 49.8
48240, 59.8, 60.38, 49.6
48300, 59.8, 60.38, 49.6
48360, 59.8, 60.38, 49.7
48420, 59.8, 60.51, 49.7
48480, 59.8, 60.82, 49.7
48540, 59.8, 61.16, 49.7
48600, 59.8, 61.46, 49.7
48660, 59.8, 61.61, 49.7
48720, 59.8, 61.61, 49.7
48780, 59.8, 61.54, 49.9
48840, 59.8, 61.39, 50.3
48900, 59.8, 61.21, 50.5
48960, 59.8, 60.98, 50.3
49020, 59.8, 60.86, 50.1
49080, 59.8, 60.86, 50.1
49140, 59.8, 60.86, 50.1
49200, 59.8, 60.86, 50
49260, 59.8, 61.02, 49.9
49320, 59.8, 61.16, 49.9
49380, 59.8, 61.31, 50
49440, 59.8, 61.42, 50.3
49500, 59.8, 61.42, 50.3
49560, 59.8, 61.37, 50.1
49620, 59.8, 61.31, 50.2
49680, 59.8, 61.19, 50.4
49740, 59.8, 61.08, 50.5
49800, 59.8, 61.08, 50.6
49860, 59.9, 61.08, 50.6
49920, 59.9, 61.36, 50.6
49980, 59.9, 61.61, 50.7
50040, 59.9, 61.86, 51
50100, 60, 62, 51.2
50160, 60.2, 62.07, 51.1
50220, 60.3, 62.07, 51.4
50280, 60.4, 62.07, 51.2
50340, 60.5, 62.01, 50.9
50400, 60.5, 62.01, 50.7
50460, 60.5, 61.96, 50.7
50520, 60.4, 62.02, 51
50580, 60.3, 62.13, 51.2
50640, 60, 62.31, 51
50700, 59.9, 62.53, 50.8
50760, 60, 62.64, 50.8
50820, 60.1, 62.77, 50.7
50880, 60.2, 62.77, 50.7
50940, 60.4, 62.77, 50.7
51000, 60.5, 62.72, 50.7
51060, 60.6, 62.66, 50.7
51120, 60.8, 62.66, 50.7
51180, 60.9, 62.61, 50.8
51240, 61, 62.61, 51.2
51300, 61.2, 62.75, 51.5
51360, 61.3, 63.26, 51.3
51420, 61.4, 63.81, 51.3
51480, 61.5, 64.25, 51.3
51540, 61.6, 64.66, 51.2
51600, 61.7, 65.1, 51.3
51660, 61.7, 65.41, 51.3
51720, 61.7, 65.41, 51.6
51780, 61.6, 65.17, 51.7
51840, 61.6, 64.87, 51.6
51900, 61.8, 64.58, 51.4
51960, 62, 64.46, 51.7
52020, 62.1, 64.33, 51.6
52080, 62.2, 64.33, 51.2
52140, 62.4, 64.33, 51.2
52200, 62.3, 64.33, 51.3
52260, 62.2, 64.49, 51.5
52320, 62, 64.63, 51.7
52380, 61.9, 64.63, 52
52440, 61.9, 64.5, 52.2
52500, 61.9, 64.35, 52.6
52560, 61.9, 64.14, 52.4
52620, 61.9, 64, 51.9
52680, 61.9, 63.93, 51.8
52740, 61.9, 63.88, 52
52800, 61.9, 63.88, 52.1
52860, 61.9, 63.88, 52
52920, 61.9, 63.88, 52
52980, 61.9, 63.88, 51.9
53040, 61.9, 63.88, 51.9
53100, 61.9, 63.88, 51.9
53160, 61.9, 63.88, 52
53220, 61.9, 63.88, 52
53280, 61.9, 63.88, 52.2
53340, 61.9, 63.88, 52.4
53400, 61.9, 63.88, 52.4
53460, 61.8, 63.95, 52.4
53520, 61.7, 64.1, 52.4
53580, 61.7, 64.21, 52.4
53640, 61.7, 64.21, 52.3
53700, 61.7, 64.21, 52.2
53760, 61.7, 64.21, 52.1
53820, 61.7, 64.21, 52.1
53880, 61.7, 64.21, 52.1
53940, 61.7, 64.21, 52.2
54000, 61.8, 64.21, 52.2
54060, 61.8, 64.21, 52.5
54120, 61.8, 64.07, 52.6
54180, 61.8, 63.9, 52.8
54240, 61.7, 63.68, 52.6
54300, 61.7, 63.54, 52.4
54360, 61.7, 63.35, 52.4
54420, 61.6, 63.29, 52.3
54480, 61.6, 63.29, 52.3
54540, 61.4, 63.67, 52.4
54600, 61.3, 64.21, 52.6
54660, 61.2, 64.87, 52.5
54720, 61.2, 65.57, 52.8
54780, 61.2, 66.15, 53.2
54840, 61.2, 66.56, 53.2
54900, 61.1, 66.56, 53.2
54960, 61.3, 66.22, 53.3
55020, 61.6, 65.58, 53.4
55080, 62, 64.88, 53.1
55140, 62.4, 64.39, 53.1
55200, 62.8, 64.26, 53.2
55260, 63.2, 64.26, 53.4
55320, 63.5, 64.71, 53.5
55380, 63.5, 65.31, 53.6
55440, 63.4, 65.96, 53.6
55500, 63.1, 66.52, 53.5
55560, 62.9, 66.87, 53.5
55620, 62.7, 66.87, 53.4
55680, 62.5, 66.82, 53.1
55740, 62.3, 66.39, 53.1
55800, 62.3, 65.88, 53
55860, 62.4, 65.38, 52.9
55920, 62.7, 64.99, 52.8
55980, 62.9, 64.87, 53.1
56040, 63.1, 64.81, 53.4
56100, 63.1, 64.93, 53.3
56160, 63.2, 65.25, 53.2
56220, 63.1, 65.5, 52.8
56280, 63, 65.61, 52.7
56340, 62.9, 65.75, 52.7
56400, 62.8, 65.75, 52.8
56460, 62.8, 65.47, 52.9
56520, 62.7, 65.16, 53
56580, 62.7, 64.79, 53.1
56640, 62.6, 64.47, 53
56700, 62.6, 64.19, 52.9
56760, 62.5, 64.06, 53
56820, 62.4, 63.92, 53.4
56880, 62.4, 63.92, 53.9
56940, 62.4, 63.97, 53.9
57000, 62.4, 64.22, 53.6
57060, 62.3, 64.51, 53.2
57120, 62.2, 64.87, 52.9
57180, 62.1, 65.27, 52.9
57240, 62, 65.67, 53.4
57300, 62, 65.92, 53.8
57360, 61.9, 65.92, 53.8
57420, 61.9, 65.8, 53.9
57480, 61.9, 65.44, 53.6
57540, 61.9, 65.04, 53.3
57600, 62, 64.69, 53.6
57660, 62.1, 64.49, 53.7
57720, 62.3, 64.42, 53.4
57780, 62.5, 64.63, 53.2
57840, 62.3, 65.04, 53.2
57900, 62.3, 65.47, 53.3
57960, 62.4, 65.82, 53.3
58020, 62.7, 65.92, 53.3
58080, 62.8, 66.03, 53.1
58140, 62.8, 66.03, 53.1
58200, 62.8, 66.03, 53.1
58260, 62.9, 66.16, 53.5
58320, 62.9, 66.22, 53.8
58380, 62.9, 66.33, 54.1
58440, 63.1, 66.33, 54
58500, 63.1, 66.18, 53.9
58560, 63.1, 65.88, 54.1
58620, 63.2, 65.74, 54
58680, 63.3, 65.68, 53.8
58740, 63.3, 65.68, 53.4
58800, 63.3, 65.83, 53.2
58860, 63.3, 65.96, 53.3
58920, 63.3, 65.96, 53.6
58980, 63.3, 66.02, 53.3
59040, 63.3, 66.02, 53
59100, 63.3, 66.02, 53
59160, 63.3, 66.02, 53.2
59220, 63.1, 66.02, 53
59280, 63.1, 65.96, 53.1
59340, 63.1, 65.82, 53.4
59400, 63.1, 65.7, 53.8
59460, 63.1, 65.7, 53.9
59520, 63.2, 65.7, 53.9
59580, 63.2, 65.7, 53.7
59640, 63.2, 65.7, 53.5
59700, 63.2, 65.7, 53.6
59760, 63.2, 65.86, 53.9
59820, 63.2, 66.2, 53.8
59880, 63, 66.47, 53.6
59940, 63, 66.71, 53.5
60000, 63, 66.82, 53.6
60060, 63, 66.82, 54.1
60120, 63, 66.66, 54.4
60180, 63.1, 66.32, 54.3
60240, 63.1, 66.09, 54.2
60300, 63.4, 65.88, 54.1
60360, 63.5, 65.75, 54
60420, 63.6, 65.68, 53.8
60480, 63.6, 65.63, 53.6
60540, 63.6, 65.49, 53.5
60600, 63.5, 65.37, 53.3
60660, 63.3, 65.29, 53.2
60720, 63.1, 65.17, 53
60780, 63, 65.04, 53
60840, 62.8, 64.87, 53.1
60900, 62.8, 64.76, 53
60960, 62.7, 64.76, 53
61020, 62.6, 64.76, 53
61080, 62.5, 64.76, 52.9
61140, 62.4, 64.94, 52.9
61200, 62.4, 65.15, 52.9
61260, 62.3, 65.43, 53
61320, 62.3, 65.79, 53
61380, 62.2, 66.22, 53.2
61440, 62, 66.61, 53.6
61500, 62, 66.73, 53.8
61560, 62, 66.78, 53.8
61620, 62, 66.49, 53.4
61680, 62.3, 66.06, 53.3
61740, 62.6, 65.68, 53.1
61800, 62.8, 65.49, 52.9
61860, 62.9, 65.43, 52.9
61920, 62.9, 65.5, 53.1
61980, 63, 65.74, 53.2
62040, 63, 65.87, 53.1
62100, 62.9, 65.94, 53.1
62160, 62.8, 65.94, 53.2
62220, 62.5, 65.66, 53.3
62280, 62.5, 65.22, 53.3
62340, 62.3, 64.73, 53.2
62400, 62.3, 64.28, 53.2
62460, 62.2, 63.91, 53.4
62520, 62.1, 63.63, 53.6
62580, 62.1, 63.53, 53.6
62640, 61.9, 63.53, 53.5
62700, 61.6, 63.82, 53.6
62760, 61.6, 64.22, 53.5
62820, 61.5, 64.78, 53.3
62880, 61.4, 65.33, 53.7
62940, 61.2, 65.57, 54.3
63000, 61.1, 65.63, 54.1
63060, 61.1, 65.38, 54
63120, 61.1, 65.08, 53.7
63180, 61.1, 64.81, 53.6
63240, 61.1, 64.58, 53.9
63300, 61.3, 64.43, 54.1
63360, 61.6, 64.43, 53.9
63420, 61.8, 64.55, 53.7
63480, 61.9, 64.83, 53.6
63540, 62.1, 65, 53.9
63600, 62.1, 65.28, 54.1
63660, 62.2, 65.4, 54.2
63720, 62.2, 65.55, 54.1
63780, 62.2, 65.65, 54
63840, 62.2, 65.65, 54
63900, 62.3, 65.65, 53.9
63960, 62.4, 65.65, 53.7
64020, 62.4, 65.65, 53.7
64080, 62.4, 65.65, 53.7
64140, 62.5, 65.82, 53.6
64200, 62.5, 66, 53.6
64260, 62.6, 66.23, 53.6
64320, 62.6, 66.4, 53.7
64380, 62.7, 66.6, 53.9
64440, 62.6, 66.77, 54
64500, 62.6, 66.77, 53.8
64560, 62.5, 66.77, 53.9
64620, 62.5, 66.56, 53.9
64680, 62.5, 66.19, 54.1
64740, 62.5, 65.78, 54.1
64800, 62.6, 65.42, 54.2
64860, 62.8, 65.3, 54.3
64920, 62.9, 65.16, 54.4
64980, 63, 65.16, 54.4
65040, 63, 65.32, 54.1
65100, 63, 65.62, 53.8
65160, 62.9, 66.04, 53.9
65220, 62.8, 66.74, 54.5
65280, 62.7, 67.71, 54.4
65340, 62.4, 68.68, 54.4
65400, 62.3, 69.37, 54.7
65460, 62.2, 70.42, 54.5
65520, 62.2, 72.07, 54.4
65580, 62.5, 72.6, 54.6
65640, 63.2, 71.84, 54.3
65700, 64, 70.03, 54.1
65760, 64.9, 68.66, 53.9
65820, 65.5, 68.39, 54
65880, 66, 68.9, 54.3
65940, 66.2, 69.65, 54.4
66000, 66.1, 70.2, 54.2
66060, 65.9, 70.2, 54
66120, 65.6, 69.64, 53.7
66180, 65.6, 68.7, 53.6
66240, 65.3, 67.65, 53.5
66300, 65.3, 67.1, 53.5
66360, 65.4, 66.98, 53.5
66420, 65.1, 66.93, 53.5
66480, 65, 66.85, 53.9
66540, 64.8, 66.6, 54.2
66600, 64.8, 66.31, 54.1
66660, 64.8, 66.03, 54.1
66720, 64.8, 65.87, 54.6
66780, 64.8, 65.74, 54.5
66840, 64.8, 65.68, 54.3
66900, 64.7, 65.63, 54
66960, 64.6, 65.63, 53.6
67020, 64.5, 65.48, 53.5
67080, 64.2, 65.32, 53.5
67140, 64.1, 65.14, 53.6
67200, 64.1, 64.99, 54
67260, 64.1, 64.93, 54.3
67320, 64.1, 64.93, 54.5
67380, 64.1, 64.93, 54.2
67440, 64.1, 65.05, 54.3
67500, 64, 65.11, 54
67560, 63.9, 65.11, 53.8
67620, 63.7, 64.91, 54
67680, 63.6, 64.53, 54.3
67740, 63.6, 64.09, 53.9
67800, 63.5, 63.7, 53.6
67860, 63.1, 63.45, 53.9
67920, 62.8, 63.26, 54.1
67980, 62.4, 63.14, 54.2
68040, 62.1, 63.08, 54
68100, 61.7, 62.95, 54.2
68160, 61.5, 62.88, 54.6
68220, 61.3, 62.74, 54.7
68280, 61.2, 62.57, 54.7
68340, 61.2, 62.37, 54.6
68400, 61.3, 62.26, 54.4
68460, 61.4, 62.2, 54.3
68520, 61.7, 62.75, 54.2
68580, 61.9, 63.75, 54.2
68640, 62.1, 64.56, 54.3
68700, 62.2, 65.21, 54.7
68760, 62.5, 65.95, 54.7
68820, 62.6, 66.93, 54.3
68880, 62.9, 67.96, 53.8
68940, 63, 68.78, 53.5
69000, 63.2, 69.08, 53.4
69060, 63.5, 68.85, 53.3
69120, 63.8, 68.13, 53.6
69180, 64.2, 67.21, 53.6
69240, 64.6, 66.33, 53.9
69300, 65.1, 65.7, 53.9
69360, 65.2, 65.36, 53.9
69420, 65.3, 65.24, 53.9
69480, 65, 65.24, 54
69540, 64.4, 65.39, 54.1
69600, 63.9, 65.49, 54.1
69660, 63.5, 65.49, 54.1
69720, 63.1, 65.49, 54
69780, 62.7, 65.54, 54.2
69840, 62.5, 65.61, 54.2
69900, 62.5, 65.61, 54
69960, 62.6, 65.24, 53.8
70020, 62.8, 64.69, 53.6
70080, 63.1, 64.08, 53.7
70140, 63.2, 63.6, 53.9
70200, 63.2, 63.38, 54
70260, 63.2, 63.32, 54.8
70320, 63, 63.88, 54.8
70380, 62.7, 64.85, 54.6
70440, 62.3, 65.98, 55
70500, 61.9, 67.01, 55.4
70560, 61.5, 67.84, 55.7
70620, 61.3, 68.56, 55.3
70680, 61.2, 68.78, 54.6
70740, 61.2, 68.43, 54.2
70800, 61.8, 67.52, 54
70860, 62.6, 66.62, 54.2
70920, 63.6, 66.16, 54
70980, 64.5, 66.21, 53.9
71040, 65.1, 66.76, 53.9
71100, 65.4, 67.25, 54.2
71160, 65.4, 67.36, 54
71220, 65.1, 66.95, 54.1
71280, 64.8, 66.34, 54.2
71340, 64.4, 65.67, 54.4
71400, 64, 65.06, 54.5
71460, 63.6, 64.52, 54.4
71520, 63, 64.08, 54.3
71580, 62.6, 63.76, 54.3
71640, 62.2, 63.65, 54.5
71700, 61.9, 63.71, 54.5
71760, 61.6, 64.3, 54.5
71820, 61.4, 65.48, 54.7
71880, 61.3, 67.24, 54.7
71940, 61.3, 68.67, 54.5
72000, 61.3, 68.92, 54.5
72060, 61.6, 68.24, 54.6
72120, 62.3, 67.15, 54.4
72180, 63.1, 66.12, 54.3
72240, 64, 65.64, 54.2
72300, 64.9, 65.93, 54.1
72360, 65.3, 66.77, 54.1
72420, 65.5, 67.77, 54.1
72480, 65.4, 68.46, 54.1
72540, 64.8, 68.58, 54.1
72600, 64.5, 68.41, 54.1
72660, 64.3, 67.87, 54.1
72720, 64.2, 67.18, 54.1
72780, 64.2, 66.6, 54
72840, 64.2, 66.24, 53.9
72900, 64.2, 66.19, 53.8
72960, 64.2, 66.19, 53.7
73020, 64.1, 66.14, 53.7
73080, 64.1, 66.14, 53.7
73140, 64.1, 66.14, 53.8
73200, 64.1, 66.14, 53.8
73260, 64.1, 66.08, 53.3
73320, 63.9, 66.08, 52.8
73380, 63.9, 65.96, 52.3
73440, 63.8, 65.81, 51.9
73500, 63.7, 65.68, 51.5
73560, 63.7, 65.63, 51.9
73620, 63.6, 65.53, 52.3
73680, 63.5, 65.38, 52.3
73740, 63.5, 65.26, 52.2
73800, 63.5, 65.26, 52
73860, 63.3, 65.21, 52
73920, 63.3, 65.15, 52.2
73980, 63.3, 65.15, 52.3
74040, 63.2, 65.04, 52.5
74100, 63.2, 64.97, 52.5
74160, 63.2, 64.91, 52.4
74220, 63.2, 64.8, 52.3
74280, 63.2, 64.8, 52.2
74340, 63.1, 64.8, 52.1
74400, 63.1, 64.8, 52.1
74460, 63.1, 64.8, 52
74520, 63.1, 64.75, 52
74580, 63.1, 64.7, 51.9
74640, 63.1, 64.7, 51.8
74700, 63, 64.65, 51.8
74760, 63, 64.54, 51.7
74820, 63, 64.54, 51.5
74880, 63, 64.42, 51.3
74940, 62.9, 64.42, 51.3
75000, 62.8, 64.36, 51.3
75060, 62.8, 64.36, 51.1
75120, 62.8, 64.36, 50.9
75180, 62.8, 64.36, 50.8
75240, 62.7, 64.31, 50.9
75300, 62.6, 64.26, 51.3
75360, 62.5, 64.21, 51.6
75420, 62.5, 64.09, 51.8
75480, 62.5, 64.09, 51.5
75540, 62.5, 63.99, 51.4
75600, 62.4, 63.99, 51.5
75660, 62.4, 63.93, 51.5
75720, 62.4, 63.93, 51.3
75780, 62.4, 63.93, 51
75840, 62.4, 63.93, 50.8
75900, 62.4, 63.93, 50.9
75960, 62.4, 63.87, 51
76020, 62.4, 63.76, 51.1
76080, 62.3, 63.71, 51.2
76140, 62.3, 63.57, 50.9
76200, 62.2, 63.57, 50.7
76260, 62.2, 63.46, 50.4
76320, 62.2, 63.46, 50.1
76380, 62.1, 63.46, 50.1
76440, 62.1, 63.46, 50
76500, 62, 63.33, 50.2
76560, 62, 63.21, 50.3
76620, 61.9, 63.1, 50.2
76680, 61.8, 63.1, 50.4
76740, 61.8, 62.98, 50.5
76800, 61.7, 62.83, 50.7
76860, 61.6, 62.69, 50.7
76920, 61.6, 62.62, 50.8
76980, 61.6, 62.56, 51
77040, 61.5, 62.56, 51
77100, 61.3, 62.56, 51
77160, 61.3, 62.56, 51
77220, 61.3, 62.56, 51.1
77280, 61.1, 62.56, 51
77340, 61, 62.56, 50.9
77400, 61, 62.56, 50.9
77460, 61, 62.68, 50.8
77520, 60.8, 62.8, 50.7
77580, 60.8, 62.92, 50.6
77640, 60.7, 62.92, 50.4
77700, 60.5, 63.04, 50
77760, 60.4, 63.18, 49.6
77820, 60.4, 63.3, 49.4
77880, 60.4, 63.3, 49.3
77940, 60.3, 63.45, 49.3
78000, 60.3, 63.3, 49.5
78060, 60.3, 63.16, 49.8
78120, 60.4, 63.09, 50.1
78180, 60.4, 63.04, 50.2
78240, 60.5, 63.04, 50.2
78300, 60.5, 63.17, 50.1
78360, 60.5, 63.43, 50
78420, 60.5, 63.62, 50.1
78480, 60.5, 63.7, 50.1
78540, 60.5, 63.57, 50
78600, 60.5, 63.39, 49.9
78660, 60.5, 62.99, 49.6
78720, 60.5, 62.69, 49.4
78780, 60.5, 62.45, 49.5
78840, 60.5, 62.28, 49.6
78900, 60.4, 62.22, 49.8
78960, 60.4, 62.16, 49.8
79020, 60.4, 62.05, 49.7
79080, 60.2, 61.92, 49.6
79140, 60.1, 61.79, 49.7
79200, 59.9, 61.69, 49.7
79260, 59.8, 61.62, 49.7
79320, 59.7, 61.51, 49.7
79380, 59.6, 61.51, 49.7
79440, 59.4, 61.51, 49.7
79500, 59.3, 61.77, 49.6
79560, 59.2, 62.2, 49.4
79620, 59.2, 62.47, 49.4
79680, 59.1, 62.47, 49.4
79740, 59, 62.28, 49.4
79800, 59, 61.97, 49.5
79860, 58.9, 61.68, 49.4
79920, 59.1, 61.43, 49.4
79980, 59.3, 61.27, 49.4
80040, 59.4, 61.07, 49.4
80100, 59.6, 60.93, 49.4
80160, 59.6, 60.93, 49.4
80220, 59.8, 61.08, 49.4
80280, 59.8, 61.24, 49.4
80340, 59.8, 61.39, 49.3
80400, 59.8, 61.45, 49.3
80460, 59.8, 61.45, 49.3
80520, 59.8, 61.45, 49.3
80580, 59.6, 61.38, 49.3
80640, 59.5, 61.32, 49.4
80700, 59.5, 61.32, 49.5
80760, 59.5, 61.32, 49.5
80820, 59.5, 61.32, 49.4
80880, 59.5, 61.32, 49.5
80940, 59.5, 61.69, 49.5
81000, 59.5, 62.94, 49.6
81060, 59.5, 64.61, 49.4
81120, 59.5, 66, 49.3
81180, 59.5, 66.93, 49.2
81240, 59.7, 67.24, 49.2
81300, 59.7, 67.17, 49.2
81360, 60.1, 66.62, 49.2
81420, 60.7, 65.69, 49.3
81480, 61.6, 64.85, 49.3
81540, 62.4, 64.71, 49.3
81600, 62.8, 65.08, 49.3
81660, 63.1, 65.73, 49.1
81720, 63, 66.34, 48.9
81780, 62.9, 66.44, 48.7
81840, 62.7, 66.14, 48.5
81900, 62.6, 65.32, 48.5
81960, 62.6, 64.42, 48.7
82020, 62.5, 63.8, 49
82080, 62.3, 63.57, 49.2
82140, 62.1, 63.45, 49.1
82200, 61.9, 63.26, 49.1
82260, 61.7, 62.93, 49.2
82320, 61.6, 62.65, 49.1
82380, 61.5, 62.4, 49
82440, 61.3, 62.27, 49.1
82500, 61.2, 62.1, 49.2
82560, 61, 61.87, 49.3
82620, 61, 61.71, 49.2
82680, 60.9, 61.56, 49.1
82740, 60.8, 61.41, 48.9
82800, 60.7, 61.35, 48.7
82860, 60.6, 61.28, 48.6
82920, 60.5, 61.15, 48.5
82980, 60.4, 60.83, 48.3
83040, 60.2, 60.51, 48.2
83100, 59.9, 60.15, 48.2
83160, 59.7, 59.82, 48.1
83220, 59.3, 59.52, 48.2
83280, 58.9, 59.23, 48.3
83340, 58.5, 58.96, 48.3
83400, 58.1, 58.73, 48.2
83460, 57.8, 58.67, 48.3
83520, 57.5, 58.67, 48.4
83580, 57.3, 58.83, 48.5
83640, 57.3, 58.97, 48.7
83700, 57.2, 59.41, 48.8
83760, 57.3, 60.07, 48.9
83820, 57.6, 60.75, 48.8
83880, 58, 61.36, 48.6
83940, 58.5, 61.9, 48.6
84000, 58.8, 62.4, 48.3
84060, 59.3, 62.86, 48.3
84120, 59.6, 63.24, 48.2
84180, 59.8, 63.39, 48.1
84240, 59.9, 63.5, 48.1
84300, 60, 63.36, 48.1
84360, 60.1, 63.15, 48.1
84420, 60.3, 62.89, 48
84480, 60.3, 62.77, 47.8
84540, 60.4, 62.6, 47.7
84600, 60.4, 62.47, 47.7
84660, 60.4, 62.34, 47.7
84720, 60.4, 62.21, 47.7
84780, 60.4, 62.15, 47.6
84840, 60.3, 62.08, 47.5
84900, 60.3, 61.95, 47.4
84960, 60.3, 61.83, 47.3
85020, 60.3, 61.78, 47.3
85080, 60.3, 61.78, 47.3
85140, 60.3, 61.78, 47.2
85200, 60.3, 61.78, 47.2
85260, 60.3, 61.78, 47.3
85320, 60.3, 61.67, 47.3
85380, 60.3, 61.61, 47.3
85440, 60.1, 61.48, 47.2
85500, 60.1, 61.36, 47.2
85560, 60.1, 61.31, 47.1
85620, 60.1, 61.25, 47.1
85680, 60.1, 61.25, 47.2
85740, 60, 61.19, 47.2
85800, 60, 61.14, 47.2
85860, 60, 61.09, 47.2
85920, 60, 61.09, 47.2
85980, 60, 61.09, 47.2
86040, 60, 61.09, 47.3
86100, 60, 61.09, 47.4
86160, 60, 61.14, 47.5
86220, 60, 61.14, 47.5
86280, 60, 61.14, 47.4
86340, 60, 61.08, 47.2
86400, 60, 60.69, 47.1
