time,PT-04C,PT-04B,PT-04A,DPT-07
0.0,23.3,23.6,23.6,23.7
30.0,23.3,23.6,23.6,23.7
60.0,23.3,23.6,23.6,23.8
90.0,23.3,23.6,23.6,23.8
120.0,23.3,23.6,23.6,23.9
150.0,23.3,23.6,23.6,23.9
180.0,23.3,23.6,23.6,23.9
210.0,23.3,23.6,23.6,24.0
240.0,23.3,23.6,23.6,24.0
270.0,23.3,23.6,23.6,24.0
300.0,23.3,23.6,23.6,24.0
330.0,23.3,23.6,23.6,24.1
360.0,23.3,23.6,23.6,24.1
390.0,23.3,23.6,23.6,24.0
420.0,23.3,23.6,23.6,24.0
450.0,23.3,23.6,23.6,24.0
480.0,23.3,23.6,23.6,24.1
510.0,23.3,23.6,23.6,24.1
540.0,23.3,23.6,23.6,24.1
570.0,23.3,23.6,23.6,24.2
600.0,23.3,23.6,23.6,24.2
630.0,23.3,23.6,23.6,24.1
660.0,23.3,23.6,23.6,24.1
690.0,23.3,23.6,23.6,24.1
720.0,23.3,23.6,23.6,24.0
750.0,23.3,23.6,23.6,24.0
780.0,23.3,23.6,23.6,24.0
810.0,23.3,23.6,23.6,24.0
840.0,23.3,23.6,23.6,24.0
870.0,23.3,23.6,23.6,24.0
900.0,23.3,23.6,23.6,24.0
930.0,23.3,23.7,23.6,24.0
960.0,23.4,23.7,23.7,23.9
990.0,23.4,23.7,23.7,23.9
1020.0,23.4,23.7,23.7,23.9
1050.0,23.5,23.8,23.8,23.9
1080.0,23.5,23.8,23.8,24.0
1110.0,23.5,23.8,23.8,24.0
1140.0,23.6,23.9,23.9,23.9
1170.0,23.6,23.9,23.9,23.9
1200.0,23.6,23.9,23.9,23.9
1230.0,23.7,24.0,24.0,23.9
1260.0,23.7,24.0,24.0,24.0
1290.0,23.7,24.0,24.0,23.9
1320.0,23.7,24.0,24.1,23.9
1350.0,23.8,24.1,24.1,23.9
1380.0,23.8,24.1,24.1,24.0
1410.0,23.8,24.1,24.1,23.9
1440.0,24.0,24.2,24.2,24.0
1470.0,24.0,24.2,24.2,24.0
1500.0,24.0,24.2,24.2,24.1
1530.0,24.0,24.2,24.2,24.1
1560.0,24.0,24.2,24.2,24.1
1590.0,24.0,24.2,24.2,24.1
1620.0,24.4,24.6,24.7,24.1
1650.0,24.0,24.3,24.2,24.1
1680.0,24.0,24.3,24.2,24.1
1710.0,24.0,24.2,24.2,24.1
1740.0,24.0,24.2,24.2,24.1
1770.0,24.0,24.2,24.2,24.0
1800.0,24.0,24.2,24.2,23.9
1830.0,24.0,24.2,24.2,23.9
1860.0,24.0,24.2,24.2,23.9
1890.0,24.0,24.2,24.2,23.9
1920.0,24.0,24.2,24.2,24.0
1950.0,24.0,24.2,24.2,24.0
1980.0,24.0,24.2,24.2,24.0
2010.0,24.0,24.2,24.2,24.0
2040.0,24.0,24.2,24.2,24.0
2070.0,24.0,24.2,24.2,24.1
2100.0,24.0,24.2,24.2,24.1
2130.0,24.0,24.2,24.2,24.1
2160.0,24.0,24.2,24.2,24.1
2190.0,24.0,24.2,24.2,24.1
2220.0,24.0,24.2,24.2,24.0
2250.0,24.0,24.2,24.2,24.1
2280.0,24.0,24.2,24.2,24.1
2310.0,24.0,24.2,24.2,24.1
2340.0,24.0,24.2,24.2,24.0
2370.0,24.0,24.2,24.2,24.0
2400.0,24.0,24.2,24.2,24.1
2430.0,24.0,24.2,24.2,24.1
2460.0,24.0,24.2,24.2,24.1
2490.0,24.0,24.2,24.2,24.0
2520.0,24.0,24.2,24.2,24.0
2550.0,24.0,24.2,24.2,24.0
2580.0,24.0,24.2,24.2,24.0
2610.0,24.0,24.2,24.2,23.9
2640.0,24.0,24.2,24.2,24.0
2670.0,24.0,24.2,24.2,24.0
2700.0,24.0,24.2,24.2,24.0
2730.0,24.0,24.2,24.2,24.1
2760.0,24.0,24.2,24.2,24.1
2790.0,24.0,24.2,24.2,24.1
2820.0,24.0,24.2,24.2,24.1
2850.0,24.0,24.2,24.2,24.3
2880.0,24.0,24.2,24.2,24.3
2910.0,24.0,24.2,24.2,24.3
2940.0,24.0,24.2,24.2,24.2
2970.0,24.0,24.2,24.2,24.3
3000.0,24.0,24.2,24.2,24.3
3030.0,24.0,24.2,24.2,24.3
3060.0,24.0,24.2,24.2,24.3
3090.0,24.0,24.2,24.2,24.4
3120.0,24.0,24.2,24.2,24.4
3150.0,24.0,24.2,24.2,24.4
3180.0,24.0,24.2,24.2,24.5
3210.0,24.0,24.3,24.2,24.4
3240.0,24.0,24.2,24.2,24.4
3270.0,24.0,24.2,24.2,24.4
3300.0,24.0,24.2,24.2,24.3
3330.0,24.0,24.2,24.2,24.2
3360.0,24.0,24.2,24.2,24.2
3390.0,24.0,24.2,24.2,24.1
3420.0,24.0,24.2,24.2,24.1
3450.0,24.0,24.2,24.2,23.9
3480.0,24.0,24.2,24.2,23.9
3510.0,24.0,24.2,24.2,23.8
3540.0,24.0,24.2,24.2,23.8
3570.0,24.0,24.2,24.2,23.9
3600.0,24.0,24.2,24.2,24.1
3630.0,24.0,24.2,24.2,24.2
3660.0,24.0,24.2,24.2,24.1
3690.0,24.0,24.2,24.2,24.1
3720.0,24.0,24.2,24.2,24.1
3750.0,24.0,24.2,24.2,24.0
3780.0,24.0,24.2,24.2,23.8
3810.0,24.0,24.2,24.2,23.6
3840.0,24.0,24.2,24.2,23.4
3870.0,24.0,24.2,24.2,23.3
3900.0,24.0,24.2,24.2,23.3
3930.0,24.0,24.2,24.2,23.4
3960.0,24.0,24.3,24.2,23.4
3990.0,24.0,24.3,24.2,23.6
4020.0,23.9,24.2,24.2,23.7
4050.0,23.9,24.2,24.2,23.8
4080.0,23.9,24.2,24.2,23.8
4110.0,23.9,24.2,24.2,23.9
4140.0,24.0,24.3,24.2,24.0
4170.0,24.0,24.3,24.2,24.2
4200.0,23.9,24.2,24.2,24.2
4230.0,23.9,24.2,24.2,24.2
4260.0,23.9,24.2,24.2,24.3
4290.0,23.9,24.2,24.2,24.3
4320.0,24.0,24.3,24.2,24.4
4350.0,24.0,24.3,24.2,24.7
4380.0,24.0,24.3,24.2,24.6
4410.0,23.9,24.3,24.2,24.5
4440.0,23.9,24.2,24.2,24.5
4470.0,23.9,24.2,24.2,24.4
4500.0,23.9,24.2,24.2,24.4
4530.0,24.0,24.3,24.2,24.3
4560.0,24.0,24.3,24.2,24.1
4590.0,23.9,24.2,24.2,24.0
4620.0,23.9,24.2,24.2,23.9
4650.0,23.9,24.2,24.2,23.9
4680.0,23.9,24.2,24.2,23.9
4710.0,24.0,24.3,24.2,24.0
4740.0,24.0,24.3,24.2,24.0
4770.0,23.9,24.2,24.2,23.9
4800.0,23.9,24.2,24.2,23.8
4830.0,23.9,24.2,24.2,23.9
4860.0,23.9,24.2,24.2,23.9
4890.0,23.9,24.2,24.2,23.9
4920.0,23.9,24.2,24.0,23.9
4950.0,24.1,24.3,24.6,24.0
4980.0,24.0,24.3,24.1,24.2
5010.0,23.7,24.0,24.2,24.2
5040.0,24.0,24.3,24.1,24.2
5070.0,23.8,24.1,24.2,24.2
5100.0,23.9,24.2,24.2,24.3
5130.0,23.9,24.2,24.2,24.4
5160.0,23.9,24.2,24.2,24.5
5190.0,23.9,24.2,24.2,24.5
5220.0,23.9,24.2,24.2,24.5
5250.0,23.9,24.2,24.2,24.5
5280.0,23.9,24.2,24.2,24.6
5310.0,23.9,24.2,24.2,24.6
5340.0,23.9,24.2,24.2,24.5
5370.0,23.9,24.2,24.2,24.4
5400.0,23.9,24.2,24.2,24.6
5430.0,23.9,24.2,24.2,24.7
5460.0,23.9,24.2,24.2,24.6
5490.0,23.8,24.1,24.1,24.5
5520.0,23.8,24.1,24.1,25.3
5550.0,23.7,24.0,23.9,25.2
5580.0,23.7,24.0,23.9,25.0
5610.0,23.5,23.9,23.8,24.8
5640.0,23.5,23.9,23.8,24.6
5670.0,23.4,23.7,23.7,24.5
5700.0,23.4,23.7,23.6,24.4
5730.0,23.3,23.6,23.6,24.7
5760.0,23.1,23.4,23.4,24.4
5790.0,23.0,23.3,23.3,24.3
5820.0,23.0,23.3,23.2,24.2
5850.0,22.9,23.2,23.1,24.0
5880.0,22.7,23.1,22.9,24.0
5910.0,22.6,22.9,22.8,23.9
5940.0,22.5,22.8,22.7,23.9
5970.0,22.4,22.7,22.5,23.9
6000.0,22.2,22.5,22.4,23.9
6030.0,21.9,22.2,22.1,23.9
6060.0,21.9,22.2,22.3,24.0
6090.0,22.0,22.3,22.3,24.1
6120.0,22.0,22.3,22.3,24.2
6150.0,22.0,22.3,22.3,24.4
6180.0,22.0,22.3,22.3,24.5
6210.0,22.0,22.3,22.3,24.8
6240.0,22.0,22.3,22.3,25.0
6270.0,22.0,22.3,22.3,25.3
6300.0,22.0,22.3,22.3,25.2
6330.0,22.0,22.3,22.3,25.1
6360.0,22.0,22.3,22.3,24.9
6390.0,22.0,22.3,22.3,24.7
6420.0,22.0,22.3,22.3,24.6
6450.0,22.0,22.3,22.3,24.5
6480.0,22.0,22.3,22.3,24.4
6510.0,22.0,22.3,22.3,24.3
6540.0,22.0,22.3,22.3,24.1
6570.0,22.0,22.3,22.3,24.2
6600.0,22.0,22.3,22.3,24.2
6630.0,22.0,22.3,22.3,24.2
6660.0,22.0,22.3,22.3,24.3
6690.0,22.0,22.3,22.3,24.4
6720.0,22.0,22.3,22.3,24.4
6750.0,22.0,22.3,22.3,24.6
6780.0,22.0,22.3,22.3,24.7
6810.0,22.0,22.3,22.3,23.1
6840.0,22.0,22.3,22.3,24.2
6870.0,22.0,22.3,22.3,24.5
6900.0,22.0,22.3,22.3,24.3
6930.0,22.0,22.3,22.3,23.0
6960.0,22.0,22.3,22.3,23.2
6990.0,22.0,22.3,22.3,23.6
7020.0,22.0,22.3,22.3,23.7
7050.0,22.0,22.3,22.3,24.0
7080.0,22.0,22.3,22.3,24.1
7110.0,22.0,22.3,22.3,24.1
7140.0,22.0,22.3,22.3,24.3
7170.0,22.0,22.3,22.3,24.4
7200.0,22.0,22.3,22.3,24.4
7230.0,22.0,22.3,22.3,24.3
7260.0,22.0,22.3,22.3,24.0
7290.0,22.0,22.3,22.3,23.9
7320.0,22.0,22.3,22.3,23.9
7350.0,22.0,22.3,22.3,24.0
7380.0,22.1,22.4,22.4,23.9
7410.0,22.1,22.4,22.4,23.9
7440.0,22.0,22.3,22.3,24.0
7470.0,22.0,22.3,22.3,24.0
7500.0,22.0,22.3,22.3,24.0
7530.0,22.0,22.3,22.3,23.8
7560.0,22.0,22.3,22.3,23.7
7590.0,22.0,22.3,22.3,23.7
7620.0,22.0,22.3,22.3,23.8
7650.0,22.0,22.3,22.3,23.9
7680.0,22.0,22.3,22.3,23.9
7710.0,22.0,22.3,22.3,24.0
7740.0,22.0,22.3,22.3,24.1
7770.0,22.0,22.3,22.3,24.2
7800.0,22.0,22.3,22.3,24.3
7830.0,22.0,22.3,22.3,24.3
7860.0,22.0,22.3,22.3,24.3
7890.0,22.0,22.3,22.3,23.9
7920.0,22.0,22.3,22.3,23.7
7950.0,22.0,22.3,22.3,23.7
7980.0,22.0,22.3,22.3,23.8
8010.0,22.0,22.3,22.3,23.7
8040.0,22.0,22.3,22.3,23.7
8070.0,22.0,22.3,22.3,23.7
8100.0,22.0,22.3,22.3,24.0
8130.0,22.0,22.3,22.3,24.0
8160.0,22.0,22.3,22.3,24.1
8190.0,22.0,22.3,22.3,24.1
8220.0,22.0,22.3,22.3,24.3
8250.0,22.0,22.3,22.3,24.3
8280.0,22.0,22.3,22.3,24.3
8310.0,22.0,22.3,22.3,24.3
8340.0,22.0,22.3,22.3,24.3
8370.0,22.0,22.3,22.3,24.3
8400.0,22.0,22.3,22.3,24.3
8430.0,22.0,22.3,22.3,24.1
8460.0,22.0,22.3,22.3,24.0
8490.0,22.0,22.3,22.3,23.8
8520.0,22.0,22.3,22.3,23.7
8550.0,22.0,22.3,22.3,23.9
8580.0,22.0,22.3,22.4,23.7
8610.0,22.0,22.3,22.3,23.6
8640.0,22.0,22.3,22.3,23.5
8670.0,22.0,22.3,22.3,23.7
8700.0,22.0,22.3,22.3,23.8
8730.0,22.0,22.3,22.3,23.9
8760.0,22.0,22.3,22.3,24.0
8790.0,22.0,22.3,22.3,24.1
8820.0,22.0,22.3,22.3,24.0
8850.0,22.0,22.3,22.3,24.0
8880.0,22.0,22.3,22.3,24.0
8910.0,22.0,22.3,22.3,24.2
8940.0,22.0,22.3,22.3,24.0
8970.0,22.0,22.3,22.3,24.0
9000.0,22.0,22.3,22.3,24.0
9030.0,22.0,22.3,22.3,24.0
9060.0,22.0,22.3,22.3,24.2
9090.0,22.0,22.3,22.3,24.2
9120.0,22.0,22.3,22.3,24.0
9150.0,22.0,22.3,22.3,23.8
9180.0,22.0,22.3,22.3,23.8
9210.0,22.0,22.3,22.3,23.8
9240.0,22.0,22.3,22.3,23.7
9270.0,22.0,22.3,22.3,23.9
9300.0,22.0,22.3,22.3,24.1
9330.0,22.0,22.3,22.3,24.1
9360.0,22.0,22.3,22.3,24.1
9390.0,22.0,22.3,22.3,24.1
9420.0,22.0,22.3,22.3,24.0
9450.0,22.0,22.3,22.3,24.1
9480.0,22.0,22.3,22.3,24.1
9510.0,22.0,22.3,22.3,24.1
9540.0,22.0,22.3,22.3,24.1
9570.0,22.0,22.3,22.3,24.1
9600.0,22.0,22.3,22.3,24.1
9630.0,22.0,22.3,22.3,24.0
9660.0,22.0,22.3,22.3,24.2
9690.0,22.0,22.3,22.3,24.0
9720.0,22.0,22.3,22.3,23.8
9750.0,22.0,22.3,22.3,23.7
9780.0,22.0,22.3,22.3,23.7
9810.0,22.0,22.3,22.3,23.9
9840.0,22.0,22.3,22.3,23.9
9870.0,22.0,22.3,22.3,23.9
9900.0,22.0,22.3,22.3,23.8
9930.0,22.0,22.3,22.3,24.1
9960.0,22.0,22.3,22.3,24.1
9990.0,22.0,22.3,22.3,24.2
10020.0,22.0,22.3,22.3,24.2
10050.0,22.0,22.3,22.3,24.3
10080.0,22.0,22.3,22.3,24.2
10110.0,22.0,22.3,22.3,24.2
10140.0,22.0,22.3,22.3,24.1
10170.0,22.0,22.3,22.3,24.0
10200.0,22.0,22.3,22.3,24.0
10230.0,22.0,22.3,22.3,23.9
10260.0,22.0,22.3,22.3,23.8
10290.0,22.0,22.3,22.3,23.8
10320.0,22.0,22.3,22.3,23.8
10350.0,22.0,22.3,22.3,23.9
10380.0,22.1,22.4,22.4,23.8
10410.0,22.1,22.4,22.3,23.8
10440.0,22.0,22.3,22.3,23.8
10470.0,21.8,22.2,22.1,23.9
10500.0,21.8,22.2,22.2,23.9
10530.0,22.0,22.3,22.2,23.9
10560.0,22.0,22.3,22.2,23.9
10590.0,22.0,22.3,22.3,24.0
10620.0,22.0,22.3,22.3,24.0
10650.0,22.0,22.3,22.3,24.2
10680.0,22.0,22.3,22.3,24.3
10710.0,22.0,22.3,22.3,24.4
10740.0,22.0,22.3,22.3,24.3
10770.0,22.0,22.3,22.3,24.1
10800.0,22.0,22.3,22.3,23.7
10830.0,22.0,22.3,22.3,23.6
10860.0,22.0,22.3,22.3,23.6
10890.0,22.0,22.3,22.3,23.5
10920.0,22.0,22.3,22.3,23.9
10950.0,22.0,22.3,22.3,24.0
10980.0,22.1,22.5,22.4,24.1
11010.0,22.1,22.3,22.3,24.0
11040.0,22.1,22.3,22.3,23.9
11070.0,22.0,22.3,22.3,24.1
11100.0,22.0,22.3,22.3,24.1
11130.0,22.0,22.3,22.3,24.1
11160.0,22.0,22.3,22.3,24.1
11190.0,22.0,22.3,22.3,24.2
11220.0,22.0,22.3,22.3,24.3
11250.0,22.0,22.3,22.3,24.4
11280.0,22.0,22.3,22.3,24.5
11310.0,22.0,22.3,22.3,24.3
11340.0,22.0,22.3,22.3,24.3
11370.0,22.0,22.3,22.3,24.1
11400.0,22.0,22.3,22.3,24.0
11430.0,22.0,22.3,22.3,23.8
11460.0,22.0,22.3,22.3,23.4
11490.0,22.0,22.3,22.3,23.4
11520.0,22.0,22.3,22.3,23.4
11550.0,22.0,22.3,22.3,23.6
11580.0,22.0,22.3,22.3,23.8
11610.0,22.0,22.3,22.3,24.0
11640.0,22.0,22.3,22.3,24.0
11670.0,22.0,22.3,22.3,24.1
11700.0,22.0,22.3,22.3,24.1
11730.0,22.0,22.3,22.3,24.2
11760.0,22.0,22.3,22.3,24.4
11790.0,22.0,22.3,22.3,24.5
11820.0,22.0,22.3,22.3,24.4
11850.0,22.0,22.3,22.3,24.5
11880.0,22.0,22.3,22.3,24.4
11910.0,22.0,22.3,22.3,24.3
11940.0,22.0,22.3,22.3,24.1
11970.0,22.0,22.3,22.3,23.9
12000.0,22.0,22.3,22.3,23.8
12030.0,22.0,22.3,22.3,23.5
12060.0,22.0,22.3,22.3,23.5
12090.0,22.0,22.3,22.3,23.4
12120.0,22.0,22.3,22.3,23.4
12150.0,22.0,22.3,22.3,23.7
12180.0,22.0,22.3,22.3,23.7
12210.0,22.0,22.3,22.3,23.8
12240.0,22.0,22.3,22.3,24.0
12270.0,22.0,22.3,22.3,24.5
12300.0,22.0,22.3,22.3,24.7
12330.0,22.0,22.3,22.3,24.7
12360.0,22.0,22.3,22.3,24.8
12390.0,22.0,22.3,22.3,24.5
12420.0,22.0,22.3,22.3,24.2
12450.0,22.0,22.3,22.3,24.0
12480.0,22.0,22.3,22.3,23.7
12510.0,22.0,22.3,22.3,23.6
12540.0,22.0,22.3,22.3,23.6
12570.0,22.0,22.3,22.3,23.6
12600.0,22.0,22.3,22.3,23.5
12630.0,22.0,22.3,22.3,23.4
12660.0,22.0,22.3,22.3,23.7
12690.0,22.0,22.3,22.3,23.7
12720.0,22.0,22.3,22.3,23.9
12750.0,22.0,22.3,22.3,24.1
12780.0,22.0,22.3,22.3,24.7
12810.0,22.0,22.3,22.3,24.8
12840.0,22.0,22.3,22.3,24.9
12870.0,22.0,22.3,22.3,24.7
12900.0,22.0,22.3,22.3,24.2
12930.0,22.0,22.3,22.3,23.9
12960.0,22.0,22.3,22.3,24.0
12990.0,22.0,22.3,22.3,24.0
13020.0,22.0,22.3,22.3,23.7
13050.0,22.0,22.3,22.3,23.3
13080.0,22.1,22.3,22.3,23.3
13110.0,22.1,22.3,22.3,23.8
13140.0,22.1,22.3,22.3,23.8
13170.0,22.0,22.3,22.3,23.7
13200.0,22.0,22.3,22.3,23.6
13230.0,22.0,22.3,22.3,23.9
13260.0,22.0,22.3,22.3,24.0
13290.0,22.0,22.3,22.3,24.4
13320.0,22.0,22.3,22.3,24.3
13350.0,22.0,22.3,22.3,24.4
13380.0,22.0,22.3,22.3,24.3
13410.0,22.0,22.3,22.3,24.3
13440.0,22.0,22.3,22.3,24.4
13470.0,22.0,22.3,22.3,24.5
13500.0,22.0,22.3,22.3,24.3
13530.0,22.0,22.3,22.3,24.1
13560.0,22.0,22.3,22.3,24.0
13590.0,22.0,22.3,22.3,23.9
13620.0,22.0,22.3,22.3,23.7
13650.0,22.0,22.3,22.3,23.3
13680.0,22.1,22.3,22.4,23.1
13710.0,21.9,22.3,22.3,23.1
13740.0,21.9,22.2,22.3,23.3
13770.0,21.9,22.2,22.3,23.4
13801.0,22.1,22.3,22.3,23.6
13831.0,22.1,22.3,22.3,23.8
13861.0,22.1,22.3,22.3,24.5
13891.0,22.1,22.3,22.3,24.8
13921.0,22.1,22.3,22.3,24.8
13951.0,22.1,22.3,22.3,24.7
13981.0,22.1,22.3,22.3,24.4
14011.0,22.1,22.3,22.3,23.8
14041.0,22.1,22.3,22.3,23.7
14071.0,22.1,22.3,22.3,23.6
14101.0,22.1,22.3,22.3,23.4
14131.0,22.1,22.3,22.3,23.2
14161.0,22.1,22.3,22.3,23.2
14191.0,22.1,22.3,22.3,23.2
14221.0,22.1,22.3,22.3,24.3
14251.0,22.1,22.3,22.3,25.3
14281.0,22.1,22.3,22.3,25.0
14311.0,22.1,22.3,22.4,24.6
14341.0,22.2,22.5,22.4,24.1
14371.0,22.2,22.5,22.5,23.3
14401.0,22.3,22.6,22.5,23.5
14431.0,22.3,22.6,22.6,23.6
14461.0,22.3,22.6,22.6,23.9
14491.0,22.4,22.7,22.6,23.9
14521.0,22.4,22.7,22.6,24.0
14551.0,22.4,22.7,22.6,23.9
14581.0,22.4,22.7,22.6,24.0
14611.0,22.4,22.7,22.6,24.0
14641.0,22.4,22.7,22.6,24.0
14671.0,22.4,22.7,22.6,23.9
14701.0,22.4,22.7,22.6,23.9
14731.0,22.4,22.7,22.6,23.9
14761.0,22.4,22.7,22.6,24.3
14791.0,22.4,22.7,22.6,24.6
14821.0,22.4,22.7,22.6,24.6
14851.0,22.4,22.7,22.6,24.4
14881.0,22.4,22.7,22.6,24.3
14911.0,22.4,22.7,22.6,24.3
14941.0,22.4,22.7,22.6,24.2
14971.0,22.4,22.7,22.6,23.7
15001.0,22.4,22.7,22.6,23.5
15031.0,22.4,22.7,22.6,23.7
15061.0,22.4,22.7,22.6,23.7
15091.0,22.4,22.7,22.6,23.7
15121.0,22.4,22.7,22.6,23.8
15151.0,22.4,22.7,22.6,23.9
15181.0,22.4,22.7,22.6,23.9
15211.0,22.4,22.7,22.6,23.9
15241.0,22.4,22.7,22.6,23.9
15271.0,22.4,22.7,22.6,23.9
15301.0,22.4,22.7,22.6,23.8
15331.0,22.4,22.7,22.6,23.9
15361.0,22.4,22.7,22.6,23.8
15391.0,22.4,22.7,22.6,23.9
15421.0,22.4,22.7,22.6,24.2
15451.0,22.4,22.7,22.6,24.6
15481.0,22.4,22.7,22.6,24.6
15511.0,22.4,22.7,22.6,24.7
15541.0,22.4,22.7,22.6,24.8
15571.0,22.4,22.7,22.6,24.0
15601.0,22.4,22.7,22.6,23.5
15631.0,22.4,22.7,22.6,23.7
15661.0,22.4,22.7,22.6,23.7
15691.0,22.4,22.7,22.6,23.8
15721.0,22.4,22.7,22.6,23.7
15751.0,22.4,22.7,22.6,23.7
15781.0,22.4,22.7,22.6,23.7
15811.0,22.4,22.7,22.6,23.9
15841.0,22.4,22.7,22.6,24.0
15871.0,22.4,22.7,22.6,24.0
15901.0,22.4,22.7,22.6,24.0
15931.0,22.4,22.7,22.6,23.8
15961.0,22.4,22.7,22.6,23.7
15991.0,22.4,22.7,22.6,23.7
16021.0,22.4,22.7,22.6,24.0
16051.0,22.4,22.7,22.6,24.5
16081.0,22.4,22.7,22.6,24.7
16111.0,22.4,22.7,22.6,24.7
16141.0,22.4,22.7,22.6,24.7
16171.0,22.4,22.7,22.6,24.5
16201.0,22.4,22.7,22.6,24.4
16231.0,22.4,22.7,22.6,23.9
16261.0,22.4,22.7,22.6,23.7
16291.0,22.4,22.7,22.6,23.7
16321.0,22.4,22.7,22.6,23.8
16351.0,22.4,22.7,22.6,23.8
16381.0,22.3,22.6,22.6,23.8
16411.0,22.3,22.6,22.6,23.8
16441.0,22.3,22.6,22.5,23.7
16471.0,22.2,22.5,22.5,23.7
16501.0,22.2,22.5,22.5,23.6
16531.0,22.2,22.5,22.3,23.6
16561.0,22.1,22.4,22.3,23.5
16591.0,22.1,22.4,22.3,23.7
16621.0,22.1,22.4,22.3,24.0
16651.0,22.1,22.4,22.3,24.4
16681.0,22.1,22.4,22.3,24.6
16711.0,22.1,22.4,22.2,24.6
16741.0,22.1,22.4,22.2,24.5
16771.0,22.1,22.4,22.2,24.5
16801.0,22.1,22.4,22.2,24.4
16831.0,22.1,22.4,22.2,24.1
16861.0,22.1,22.4,22.2,23.8
16891.0,22.1,22.4,22.2,23.8
16921.0,22.1,22.4,22.2,23.7
16951.0,22.1,22.4,22.2,23.9
16981.0,22.1,22.4,22.2,23.7
17011.0,22.1,22.4,22.2,23.5
17041.0,22.1,22.4,22.2,23.5
17071.0,22.1,22.4,22.2,23.5
17101.0,22.1,22.4,22.2,23.5
17131.0,22.1,22.4,22.2,23.5
17161.0,22.1,22.4,22.2,23.7
17191.0,22.1,22.4,22.2,24.9
17221.0,22.1,22.4,22.2,25.7
17251.0,22.1,22.4,22.2,24.3
17281.0,22.1,22.4,22.2,23.6
17311.0,22.1,22.4,22.3,23.8
17341.0,22.1,22.4,22.3,24.1
17371.0,22.2,22.5,22.5,24.3
17401.0,22.2,22.5,22.5,24.3
17431.0,22.2,22.5,22.5,24.1
17461.0,22.3,22.5,22.6,23.7
17491.0,22.3,22.6,22.6,23.7
17521.0,22.3,22.6,22.6,23.8
17551.0,22.3,22.6,22.6,23.7
17581.0,22.3,22.6,22.6,23.5
17611.0,22.3,22.6,22.6,23.5
17641.0,22.3,22.6,22.6,23.7
17671.0,22.3,22.6,22.6,23.8
17701.0,22.3,22.6,22.6,23.9
17731.0,22.3,22.6,22.6,24.4
17761.0,22.3,22.6,22.6,24.7
17791.0,22.3,22.6,22.6,24.7
17821.0,22.3,22.6,22.6,24.5
17851.0,22.3,22.6,22.6,24.4
17881.0,22.3,22.6,22.6,24.1
17911.0,22.3,22.6,22.6,23.9
17941.0,22.3,22.6,22.6,23.9
17971.0,22.3,22.6,22.6,23.7
18001.0,22.3,22.6,22.6,23.7
18031.0,22.3,22.6,22.6,23.7
18061.0,22.3,22.6,22.6,23.6
18091.0,22.3,22.6,22.6,23.5
18121.0,22.3,22.6,22.6,23.4
18151.0,22.3,22.6,22.6,23.5
18181.0,22.3,22.6,22.6,23.8
18211.0,22.3,22.6,22.6,24.2
18241.0,22.3,22.6,22.6,24.6
18271.0,22.4,22.6,22.7,24.4
18301.0,22.4,22.7,22.7,24.3
18331.0,22.4,22.7,22.7,24.3
18361.0,22.5,22.9,22.8,24.2
18391.0,22.5,22.9,22.8,24.2
18421.0,22.5,22.9,22.8,24.2
18451.0,22.5,22.9,22.8,24.2
18481.0,22.5,22.9,22.8,24.1
18511.0,22.5,22.9,22.8,24.0
18541.0,22.5,22.9,22.8,24.0
18571.0,22.5,22.9,22.8,24.0
18601.0,22.5,22.9,22.8,23.8
18631.0,22.5,22.9,22.8,23.6
18661.0,22.5,22.9,22.8,23.8
18691.0,22.5,22.9,22.8,23.8
18721.0,22.5,22.9,22.8,23.8
18751.0,22.5,22.8,22.7,23.8
18781.0,22.4,22.8,22.7,23.8
18811.0,22.4,22.8,22.7,23.8
18841.0,22.3,22.6,22.6,24.0
18871.0,22.3,22.6,22.6,24.1
18901.0,22.3,22.6,22.6,24.2
18931.0,22.3,22.6,22.6,24.2
18961.0,22.3,22.6,22.6,24.2
18991.0,22.3,22.5,22.6,24.4
19021.0,22.3,22.5,22.6,24.5
19051.0,22.3,22.5,22.6,24.3
19081.0,22.3,22.5,22.6,24.2
19111.0,22.3,22.5,22.6,24.1
19141.0,22.3,22.5,22.6,24.0
19171.0,22.3,22.5,22.6,23.9
19201.0,22.3,22.5,22.6,23.9
19231.0,22.3,22.5,22.6,23.8
19261.0,22.3,22.5,22.6,23.7
19291.0,22.3,22.5,22.6,23.5
19321.0,22.3,22.5,22.6,23.4
19351.0,22.3,22.5,22.6,23.4
19381.0,22.3,22.5,22.6,23.6
19411.0,22.3,22.5,22.6,24.3
19441.0,22.3,22.5,22.6,24.7
19471.0,22.3,22.5,22.6,24.7
19501.0,22.3,22.5,22.6,24.7
19531.0,22.3,22.5,22.6,24.8
19561.0,22.3,22.5,22.6,24.5
19591.0,22.3,22.5,22.6,23.9
19621.0,22.3,22.5,22.6,23.9
19651.0,22.3,22.5,22.6,24.0
19681.0,22.3,22.5,22.6,23.7
19711.0,22.3,22.5,22.6,23.6
19741.0,22.3,22.5,22.6,23.5
19771.0,22.3,22.5,22.6,23.4
19801.0,22.3,22.5,22.6,23.3
19831.0,22.3,22.5,22.6,23.7
19861.0,22.3,22.5,22.6,23.8
19891.0,22.3,22.5,22.6,24.1
19921.0,22.3,22.5,22.6,24.3
19951.0,22.3,22.5,22.6,24.2
19981.0,22.3,22.5,22.6,24.6
20011.0,22.3,22.5,22.6,24.7
20041.0,22.3,22.5,22.6,24.5
20071.0,22.3,22.5,22.6,24.2
20101.0,22.3,22.5,22.6,23.4
20131.0,22.3,22.5,22.6,21.1
20161.0,22.3,22.5,22.6,22.0
20191.0,22.3,22.5,22.6,21.3
20221.0,22.3,22.5,22.6,20.9
20251.0,22.3,22.5,22.6,20.8
20281.0,22.3,22.5,22.6,20.8
20311.0,22.3,22.5,22.6,21.1
20341.0,22.3,22.5,22.6,21.4
20371.0,22.3,22.6,22.6,21.7
20401.0,22.3,22.6,22.6,22.1
20431.0,22.4,22.6,22.7,22.5
20461.0,22.4,22.8,22.7,22.8
20491.0,22.6,22.9,22.9,23.1
20521.0,22.7,22.9,23.0,23.4
20551.0,22.8,23.1,23.2,23.7
20581.0,22.9,23.2,23.3,23.9
20611.0,23.1,23.4,23.5,24.0
20641.0,23.2,23.5,23.6,24.0
20671.0,23.5,23.8,23.7,24.1
20701.0,23.7,24.0,24.0,24.0
20731.0,23.8,24.1,24.2,24.0
20761.0,23.9,24.2,24.2,23.9
20791.0,23.8,23.9,24.5,24.2
20821.0,24.5,24.9,24.4,24.1
20851.0,23.8,24.1,24.0,24.0
20881.0,24.0,24.3,24.3,23.9
20911.0,23.9,24.2,24.2,23.8
20941.0,23.9,24.2,24.2,24.2
20971.0,23.9,24.2,24.2,26.1
21001.0,23.9,24.2,24.2,28.4
21031.0,23.9,24.2,24.2,30.6
21061.0,23.9,24.2,24.2,31.8
21091.0,23.9,24.2,24.2,31.3
21121.0,23.9,24.2,24.2,26.0
21151.0,23.9,24.2,24.2,25.6
21181.0,23.9,24.2,24.2,24.9
21211.0,23.6,23.9,24.0,23.2
21241.0,24.0,24.3,24.3,22.3
21271.0,23.9,24.2,24.2,22.8
21301.0,23.9,24.2,24.2,23.9
21331.0,24.0,24.3,24.2,24.5
21361.0,24.0,24.3,24.0,22.3
21391.0,23.5,23.9,24.0,21.2
21421.0,25.0,25.2,25.3,20.6
21451.0,23.6,24.0,23.8,20.5
21481.0,23.9,24.2,24.1,20.8
21511.0,24.0,24.2,24.5,21.1
21541.0,24.2,24.6,24.3,21.5
21571.0,23.6,23.9,24.0,21.9
21601.0,24.0,24.3,24.2,22.2
21631.0,24.0,24.3,24.2,22.6
21661.0,24.4,24.7,24.5,22.8
21691.0,23.9,24.2,24.2,23.0
21721.0,24.0,24.3,24.2,23.3
21751.0,23.9,24.2,24.2,23.5
21781.0,23.9,24.2,24.2,23.7
21811.0,23.9,24.2,24.2,24.0
21841.0,23.9,24.2,24.2,24.3
21871.0,23.9,24.2,24.2,24.5
21901.0,23.9,24.2,24.2,24.8
21931.0,23.9,24.2,24.2,25.0
21961.0,23.8,24.1,24.1,25.0
21991.0,23.8,24.1,24.1,25.0
22021.0,23.6,23.9,23.9,25.0
22051.0,23.6,23.9,23.8,24.8
22081.0,23.5,23.8,23.7,24.6
22111.0,23.4,23.7,23.6,24.5
22141.0,23.3,23.6,23.5,24.4
22171.0,23.1,23.5,23.3,24.4
22201.0,23.0,23.3,23.2,24.3
22231.0,22.9,23.2,23.1,24.3
22261.0,22.8,23.1,23.0,24.2
22291.0,22.7,23.0,22.8,24.1
22321.0,22.5,22.8,22.7,24.1
22351.0,22.1,22.5,22.4,24.1
22381.0,22.1,22.5,22.5,24.0
22411.0,22.1,22.5,22.5,24.0
22441.0,22.0,22.3,22.3,23.9
22471.0,22.0,22.3,22.3,24.0
22501.0,22.0,22.3,22.3,24.0
22531.0,22.0,22.3,22.3,23.9
22561.0,22.0,22.3,22.3,23.9
22591.0,22.0,22.3,22.3,23.9
22621.0,22.0,22.3,22.3,23.9
22651.0,22.0,22.3,22.3,24.0
22681.0,22.0,22.3,22.3,24.0
22711.0,22.0,22.3,22.3,24.0
22741.0,22.0,22.3,22.3,23.9
22771.0,22.0,22.3,22.3,23.9
22801.0,22.0,22.3,22.3,23.9
22831.0,22.0,22.3,22.3,23.8
22861.0,22.0,22.3,22.3,23.7
22891.0,22.0,22.3,22.3,23.7
22921.0,22.0,22.3,22.3,23.7
22951.0,22.0,22.3,22.3,23.8
22981.0,22.0,22.3,22.3,23.8
23011.0,22.0,22.3,22.3,23.9
23041.0,22.0,22.3,22.3,23.9
23071.0,22.0,22.3,22.3,23.9
23101.0,22.0,22.3,22.3,23.9
23131.0,22.0,22.3,22.3,24.0
23161.0,22.0,22.3,22.3,23.9
23191.0,22.0,22.3,22.3,23.9
23221.0,22.0,22.3,22.3,24.0
23251.0,22.0,22.3,22.3,24.0
23281.0,22.0,22.3,22.3,24.0
23311.0,22.0,22.3,22.3,24.0
23341.0,22.0,22.3,22.3,24.0
23371.0,22.0,22.3,22.3,24.0
23401.0,22.0,22.3,22.3,24.0
23431.0,22.2,22.4,22.4,24.0
23461.0,22.2,22.4,22.4,23.9
23491.0,22.3,22.6,22.5,23.9
23521.0,22.3,22.6,22.5,23.8
23551.0,22.4,22.7,22.7,23.8
23581.0,22.4,22.7,22.7,23.7
23611.0,22.4,22.7,22.7,23.7
23641.0,22.5,22.8,22.7,23.6
23671.0,22.5,22.8,22.7,23.6
23701.0,22.5,22.8,22.7,23.6
23731.0,22.5,22.8,22.7,23.6
23761.0,22.5,22.8,22.7,23.7
23791.0,22.4,22.7,22.7,23.9
23821.0,22.4,22.7,22.7,23.9
23851.0,22.4,22.7,22.7,24.0
23881.0,22.4,22.7,22.7,24.0
23911.0,22.2,22.5,22.4,23.9
23941.0,22.2,22.5,22.4,24.1
23971.0,22.2,22.5,22.4,24.2
24001.0,22.2,22.5,22.4,24.2
24031.0,22.2,22.5,22.4,24.4
24061.0,22.2,22.5,22.4,24.5
24091.0,22.2,22.5,22.4,24.6
24121.0,22.2,22.5,22.6,24.6
24151.0,22.3,22.6,22.6,24.5
24181.0,22.3,22.6,22.7,24.5
24211.0,22.5,22.8,22.8,24.4
24241.0,22.5,22.8,22.8,24.3
24271.0,22.6,22.9,22.9,24.1
24301.0,22.6,22.9,22.9,24.0
24331.0,22.7,23.0,23.0,23.9
24361.0,22.7,23.0,23.0,23.8
24391.0,22.7,23.0,23.0,23.6
24421.0,22.7,23.0,23.0,23.6
24451.0,22.7,23.0,23.0,23.5
24481.0,22.7,23.0,23.0,23.4
24511.0,22.7,23.0,23.0,23.4
24541.0,22.7,23.0,23.0,23.4
24571.0,22.6,22.9,22.9,23.6
24601.0,22.6,22.9,22.9,23.7
24631.0,22.6,22.9,22.8,23.8
24661.0,22.5,22.8,22.8,23.8
24691.0,22.5,22.8,22.8,24.0
24721.0,22.5,22.8,22.8,24.1
24751.0,22.5,22.8,22.8,24.3
24781.0,22.5,22.8,22.8,24.4
24811.0,22.5,22.8,22.8,24.5
24841.0,22.5,22.8,22.8,24.6
24871.0,22.5,22.8,22.8,24.6
24901.0,22.5,22.8,22.8,24.6
24931.0,22.6,22.9,22.9,24.5
24961.0,22.6,22.9,22.9,24.3
24991.0,22.6,22.9,22.9,24.2
25021.0,22.8,23.1,23.0,24.1
25051.0,22.8,23.1,23.0,24.0
25081.0,22.8,23.1,23.0,24.0
25111.0,22.8,23.1,23.0,23.9
25141.0,22.8,23.1,23.0,23.8
25171.0,22.8,23.1,23.0,23.8
25201.0,22.8,23.1,23.0,23.8
25231.0,22.8,23.1,23.0,23.7
25261.0,22.8,23.1,23.0,23.7
25291.0,22.8,23.1,23.0,23.7
25321.0,22.8,23.1,23.0,23.7
25351.0,22.8,23.1,23.0,23.8
25381.0,22.8,23.1,23.0,23.8
25411.0,22.8,23.1,23.0,23.9
25441.0,22.8,23.1,23.0,24.1
25471.0,22.8,23.1,23.0,24.2
25501.0,22.8,23.1,23.0,24.2
25531.0,22.8,23.1,23.0,24.2
25561.0,22.8,23.1,23.0,24.4
25591.0,22.8,23.1,23.0,24.3
25621.0,22.8,23.1,23.0,24.5
25651.0,22.8,23.1,23.0,24.5
25681.0,22.8,23.1,23.0,24.5
25711.0,22.8,23.1,23.0,24.5
25741.0,22.8,23.1,23.0,24.6
25771.0,22.8,23.1,23.0,24.7
25801.0,22.8,23.1,23.0,24.5
25831.0,22.8,23.1,23.0,24.4
25861.0,22.8,23.1,23.0,24.3
25891.0,22.8,23.1,23.0,24.2
25921.0,22.8,23.1,23.0,24.1
25951.0,22.8,23.1,23.0,24.0
25981.0,22.8,23.1,23.0,23.9
26011.0,22.8,23.1,23.0,23.8
26041.0,22.7,23.1,22.9,23.7
26071.0,22.7,22.9,22.9,23.7
26101.0,22.7,22.9,22.9,23.8
26131.0,22.5,22.9,22.8,23.8
26161.0,22.5,22.8,22.8,23.8
26191.0,22.5,22.8,22.8,23.8
26221.0,22.4,22.8,22.7,23.9
26251.0,22.4,22.7,22.7,23.9
26281.0,22.4,22.7,22.7,24.2
26311.0,22.4,22.7,22.7,24.8
26341.0,22.4,22.7,22.7,26.6
26371.0,22.4,22.7,22.7,28.9
26401.0,22.4,22.7,22.7,30.6
26431.0,22.4,22.7,22.7,29.4
26461.0,22.4,22.7,22.7,24.5
26491.0,22.4,22.7,22.7,25.1
26521.0,22.4,22.7,22.7,24.7
26551.0,22.4,22.7,22.7,24.4
26581.0,22.4,22.7,22.7,23.6
26611.0,22.3,22.6,22.6,23.0
26641.0,22.2,22.5,22.5,22.6
26671.0,21.8,22.2,22.0,23.4
26701.0,21.8,22.2,22.2,26.1
26731.0,22.0,22.2,22.2,24.4
26761.0,22.0,22.3,22.2,23.3
26791.0,22.0,22.3,22.2,24.2
26821.0,22.0,22.3,22.2,25.1
26851.0,22.0,22.3,22.2,25.3
26881.0,22.0,22.3,22.2,24.3
26911.0,22.0,22.3,22.2,23.9
26941.0,22.0,22.3,22.2,23.9
26971.0,22.0,22.3,22.2,23.6
27001.0,22.0,22.3,22.2,23.3
27031.0,22.0,22.3,22.2,23.2
27061.0,22.0,22.3,22.2,23.6
27091.0,22.0,22.3,22.2,23.6
27121.0,22.0,22.3,22.2,23.6
27151.0,22.0,22.3,22.2,23.9
27181.0,22.1,22.4,22.4,24.1
27211.0,22.1,22.4,22.4,24.1
27241.0,22.1,22.3,22.3,24.6
27271.0,22.1,22.3,22.3,24.6
27301.0,22.1,22.3,22.3,24.6
27331.0,22.1,22.3,22.3,24.6
27361.0,22.1,22.3,22.3,24.4
27391.0,22.1,22.3,22.3,24.3
27421.0,22.1,22.3,22.3,23.9
27451.0,22.1,22.3,22.3,23.9
27481.0,22.1,22.3,22.3,23.8
27511.0,22.1,22.3,22.3,23.8
27541.0,22.1,22.3,22.3,23.6
27571.0,22.1,22.3,22.3,23.6
27601.0,22.1,22.3,22.3,23.6
27631.0,22.1,22.3,22.3,23.5
27661.0,22.1,22.3,22.3,23.8
27691.0,22.1,22.3,22.3,24.1
27721.0,22.1,22.3,22.3,24.0
27751.0,22.1,22.3,22.3,23.9
27781.0,22.1,22.3,22.3,23.9
27811.0,22.1,22.3,22.3,24.2
27841.0,22.1,22.3,22.3,24.3
27871.0,22.1,22.3,22.3,24.2
27901.0,22.1,22.3,22.3,24.2
27931.0,22.1,22.3,22.3,24.0
27961.0,22.1,22.3,22.3,24.0
27991.0,22.1,22.3,22.3,23.9
28021.0,22.1,22.3,22.3,22.8
28051.0,22.1,22.3,22.3,21.9
28081.0,22.1,22.3,22.3,22.6
28111.0,22.1,22.3,22.3,21.8
28141.0,22.1,22.3,22.3,22.1
28171.0,22.1,22.3,22.3,22.8
28201.0,22.1,22.3,22.3,25.0
28231.0,22.1,22.3,22.3,27.6
28261.0,22.1,22.3,22.3,29.6
28291.0,22.1,22.3,22.3,26.2
28321.0,22.1,22.3,22.3,23.3
28351.0,22.1,22.3,22.3,24.0
28381.0,22.1,22.3,22.3,23.9
28411.0,22.1,22.3,22.3,23.6
28441.0,22.1,22.3,22.3,22.7
28472.0,22.1,22.3,22.3,21.8
28501.0,22.1,22.3,22.3,22.7
28531.0,22.1,22.3,22.3,23.9
28561.0,22.1,22.3,22.3,25.3
28591.0,22.1,22.3,22.3,24.6
28621.0,22.1,22.3,22.3,22.7
28651.0,22.1,22.3,22.3,22.5
28681.0,22.1,22.3,22.3,21.8
28711.0,22.1,22.3,22.3,21.6
28741.0,22.1,22.3,22.3,21.6
28771.0,22.1,22.3,22.3,21.6
28801.0,22.1,22.3,22.3,21.8
28831.0,22.1,22.3,22.3,22.0
28861.0,22.1,22.3,22.3,22.3
28892.0,22.1,22.3,22.3,22.6
28921.0,22.1,22.3,22.3,22.9
28951.0,22.1,22.3,22.3,23.0
28981.0,22.1,22.3,22.3,23.2
29012.0,22.1,22.3,22.4,23.4
29042.0,22.1,22.4,22.4,23.5
29072.0,22.2,22.4,22.5,23.5
29102.0,22.2,22.5,22.5,23.5
29132.0,22.3,22.7,22.6,23.6
29162.0,22.4,22.8,22.7,23.7
29192.0,22.6,22.9,22.9,23.8
29222.0,22.7,23.1,23.0,23.8
29252.0,22.9,23.2,23.2,23.9
29282.0,23.0,23.3,23.3,23.9
29312.0,23.2,23.5,23.5,23.8
29342.0,23.4,23.7,23.7,23.8
29372.0,23.5,23.8,23.8,23.7
29402.0,23.6,23.9,24.0,23.7
29432.0,23.8,24.0,24.1,23.6
29462.0,23.8,24.2,24.1,23.4
29492.0,23.9,24.2,24.2,23.4
29522.0,23.9,24.2,24.2,23.3
29552.0,23.9,24.2,24.2,23.3
29582.0,23.9,24.2,24.2,23.5
29612.0,23.9,24.2,24.2,23.7
29642.0,23.9,24.2,24.2,23.8
29672.0,23.9,24.2,24.2,24.0
29702.0,24.9,25.3,24.7,24.1
29732.0,23.5,23.8,23.9,24.2
29762.0,24.1,24.4,24.3,24.4
29792.0,23.6,23.9,24.1,24.5
29822.0,24.0,24.4,24.1,24.5
29852.0,24.1,24.3,24.6,24.7
29882.0,24.0,24.4,24.2,24.8
29912.0,23.7,23.9,24.1,24.7
29942.0,23.9,24.3,24.1,24.6
29972.0,23.7,24.0,24.1,24.4
30002.0,23.9,24.2,24.3,24.3
30032.0,23.9,24.2,24.3,24.1
30062.0,24.4,24.6,24.8,23.9
30092.0,24.0,24.4,24.2,23.9
30122.0,23.9,24.2,24.2,23.8
30152.0,23.9,24.2,24.2,23.7
30182.0,23.9,24.2,24.2,23.6
30212.0,23.9,24.2,24.2,23.6
30242.0,23.9,24.2,24.2,23.5
30272.0,23.9,24.2,24.2,23.5
30302.0,23.9,24.2,24.2,23.7
30332.0,23.9,24.2,24.2,23.8
30362.0,23.9,24.2,24.2,23.8
30392.0,23.9,24.2,24.2,23.8
30422.0,23.9,24.2,24.2,23.9
30452.0,23.9,24.2,24.2,23.9
30482.0,23.9,24.2,24.2,24.1
30512.0,23.9,24.2,24.2,24.1
30542.0,23.9,24.2,24.2,24.1
30572.0,23.9,24.2,24.2,24.2
30602.0,23.9,24.2,24.2,24.3
30632.0,23.9,24.2,24.2,24.3
30662.0,23.9,24.2,24.2,24.3
30692.0,23.9,24.2,24.2,24.5
30722.0,23.9,24.2,24.2,24.5
30752.0,23.8,24.1,24.1,24.6
30782.0,23.8,24.1,24.1,24.7
30812.0,23.8,24.1,24.1,24.7
30842.0,23.7,24.0,24.0,24.7
30872.0,23.7,24.0,24.0,24.6
30902.0,23.7,24.0,23.9,24.5
30932.0,23.6,23.9,23.9,24.3
30962.0,23.6,23.9,23.9,24.1
30992.0,23.4,23.8,23.7,24.1
31022.0,23.4,23.8,23.7,24.0
31052.0,23.4,23.8,23.6,24.1
31082.0,23.3,23.6,23.6,24.2
31112.0,23.3,23.6,23.5,24.1
31142.0,23.2,23.5,23.5,24.0
31172.0,23.2,23.5,23.4,24.0
31202.0,23.1,23.4,23.4,24.0
31232.0,23.1,23.4,23.3,24.0
31262.0,23.0,23.3,23.3,23.9
31292.0,23.0,23.3,23.2,23.9
31322.0,22.8,23.2,23.1,23.7
31352.0,22.8,23.2,23.1,23.8
31382.0,22.7,23.0,23.0,23.8
31412.0,22.7,23.0,23.0,23.9
31442.0,22.6,22.9,22.8,23.9
31472.0,22.6,22.9,22.8,24.0
31502.0,22.5,22.8,22.7,24.0
31532.0,22.5,22.8,22.6,24.4
31562.0,22.3,22.6,22.6,25.0
31592.0,22.1,22.4,22.3,25.1
31622.0,22.1,22.4,22.4,24.9
31652.0,22.1,22.4,22.4,24.7
31682.0,22.1,22.4,22.4,24.5
31712.0,22.1,22.4,22.4,24.2
31742.0,22.1,22.4,22.3,24.0
31772.0,22.1,22.4,22.3,23.8
31802.0,22.1,22.4,22.3,23.6
31832.0,22.1,22.4,22.3,23.3
31862.0,22.1,22.3,22.3,23.2
31892.0,22.1,22.3,22.3,23.1
31922.0,22.1,22.3,22.3,23.3
31952.0,22.1,22.3,22.3,23.3
31982.0,22.1,22.4,22.4,23.5
32012.0,22.1,22.4,22.3,23.5
32042.0,22.1,22.3,22.3,23.6
32072.0,22.1,22.3,22.3,23.7
32102.0,22.1,22.3,22.3,23.8
32132.0,22.1,22.3,22.3,24.0
32162.0,22.1,22.3,22.3,24.1
32192.0,22.1,22.3,22.3,24.1
32222.0,22.1,22.3,22.3,24.3
32252.0,22.1,22.3,22.3,24.3
32282.0,22.1,22.3,22.3,24.4
32312.0,22.1,22.3,22.3,24.4
32342.0,22.1,22.3,22.3,24.3
32372.0,22.1,22.3,22.3,24.3
32402.0,22.1,22.3,22.3,24.3
32432.0,22.1,22.3,22.3,24.3
32462.0,22.1,22.3,22.3,24.5
32492.0,22.1,22.3,22.3,26.0
32522.0,22.1,22.3,22.3,28.1
32552.0,22.1,22.3,22.3,29.6
32582.0,22.1,22.3,22.3,30.2
32612.0,22.1,22.3,22.3,28.1
32642.0,22.1,22.3,22.3,25.3
32672.0,22.1,22.3,22.3,24.4
32702.0,22.1,22.3,22.3,20.1
32732.0,22.1,22.3,22.3,20.9
32762.0,22.1,22.3,22.3,20.3
32792.0,22.1,22.3,22.3,20.1
32822.0,22.1,22.3,22.3,20.5
32852.0,22.1,22.3,22.3,21.0
32882.0,22.1,22.3,22.3,21.6
32912.0,22.1,22.3,22.3,22.1
32942.0,22.1,22.3,22.3,22.6
32972.0,22.1,22.3,22.3,23.2
33002.0,22.1,22.3,22.3,23.8
33032.0,22.1,22.3,22.3,24.3
33062.0,22.1,22.3,22.3,24.4
33092.0,22.1,22.3,22.3,24.6
33122.0,22.1,22.3,22.3,24.7
33152.0,22.1,22.3,22.3,24.7
33182.0,22.1,22.3,22.3,24.6
33212.0,22.1,22.3,22.3,24.5
33242.0,22.1,22.3,22.3,24.4
33272.0,22.1,22.3,22.3,24.2
33302.0,22.1,22.3,22.3,24.1
33332.0,22.1,22.3,22.3,23.9
33362.0,22.1,22.3,22.3,23.7
33392.0,22.1,22.3,22.3,23.6
33422.0,22.1,22.3,22.3,23.6
33452.0,22.1,22.3,22.3,23.6
33482.0,22.1,22.3,22.3,23.7
33512.0,22.1,22.3,22.3,23.6
33542.0,22.1,22.3,22.3,23.5
33572.0,22.1,22.3,22.3,23.6
33602.0,22.1,22.3,22.3,23.6
33632.0,22.1,22.3,22.3,23.6
33662.0,22.1,22.3,22.3,23.6
33692.0,22.1,22.3,22.3,23.6
33722.0,22.1,22.3,22.3,23.8
33752.0,22.1,22.3,22.3,23.7
33782.0,22.1,22.3,22.3,23.7
33812.0,22.1,22.3,22.3,23.9
33842.0,22.1,22.3,22.3,23.9
33872.0,22.1,22.3,22.3,24.0
33902.0,22.1,22.3,22.3,23.9
33932.0,22.1,22.3,22.3,23.9
33962.0,22.1,22.4,22.4,23.9
33992.0,22.2,22.4,22.4,23.9
34022.0,22.2,22.4,22.4,24.0
34052.0,22.3,22.5,22.5,23.9
34082.0,22.3,22.5,22.5,23.9
34112.0,22.3,22.5,22.5,23.8
34142.0,22.3,22.6,22.5,23.8
34172.0,22.3,22.6,22.5,23.7
34202.0,22.3,22.6,22.5,23.6
34232.0,22.3,22.6,22.5,23.5
34262.0,22.3,22.6,22.5,23.6
34292.0,22.3,22.6,22.5,23.6
34322.0,22.3,22.6,22.5,23.6
34352.0,22.3,22.6,22.5,23.7
34382.0,22.4,22.6,22.6,23.7
34412.0,22.2,22.5,22.5,23.6
34442.0,22.2,22.5,22.5,23.7
34472.0,22.3,22.6,22.5,23.8
34502.0,22.3,22.6,22.5,23.9
34532.0,22.3,22.6,22.5,23.9
34562.0,22.3,22.6,22.5,24.0
34592.0,22.3,22.6,22.5,24.1
34622.0,22.3,22.6,22.7,24.2
34652.0,22.4,22.7,22.7,24.2
34682.0,22.4,22.7,22.8,24.1
34712.0,22.5,22.9,22.9,24.1
34742.0,22.5,22.9,22.9,24.1
34772.0,22.7,23.0,23.0,24.1
34802.0,22.7,23.0,23.0,23.9
34832.0,22.8,23.0,23.0,23.9
34862.0,22.8,23.1,23.1,23.9
34892.0,22.8,23.1,23.1,23.8
34922.0,22.8,23.1,23.1,23.8
34952.0,22.8,23.1,23.1,23.7
34982.0,22.8,23.1,23.1,23.7
35012.0,22.8,23.1,23.1,23.6
35042.0,22.8,23.1,23.1,23.7
35072.0,22.8,23.1,23.1,23.8
35102.0,22.8,23.1,23.1,23.9
35132.0,22.8,23.1,23.1,23.9
35162.0,22.8,23.1,23.1,24.1
35192.0,22.8,23.1,23.1,24.1
35222.0,22.8,23.1,23.1,24.1
35252.0,22.8,23.1,23.1,24.2
35282.0,22.8,23.1,23.1,24.2
35312.0,22.8,23.1,23.1,24.3
35342.0,22.8,23.1,23.1,24.3
35372.0,22.8,23.1,23.1,24.2
35402.0,22.8,23.1,23.1,24.2
35432.0,22.8,23.1,23.1,24.1
35462.0,22.8,23.1,23.1,24.1
35492.0,22.8,23.1,23.1,24.0
35522.0,22.8,23.1,23.1,23.9
35552.0,22.8,23.1,23.1,23.9
35582.0,22.8,23.1,23.1,23.8
35612.0,22.8,23.1,23.1,23.7
35642.0,22.8,23.1,23.1,23.7
35672.0,22.8,23.1,23.1,23.7
35702.0,22.8,23.1,23.1,23.8
35732.0,22.8,23.1,23.1,23.8
35762.0,22.8,23.1,23.1,23.8
35792.0,22.8,23.1,23.1,23.7
35822.0,22.8,23.1,23.1,23.8
35852.0,22.8,23.1,23.1,23.9
35882.0,22.8,23.1,23.1,23.9
35912.0,22.8,23.1,23.1,24.0
35942.0,22.8,23.1,23.1,24.1
35972.0,22.8,23.1,23.1,24.1
36002.0,22.9,23.1,23.1,24.0
36032.0,22.9,23.3,23.3,24.0
36062.0,22.9,23.3,23.3,23.9
36092.0,23.0,23.3,23.3,23.9
36122.0,23.0,23.4,23.4,23.9
36152.0,23.0,23.4,23.4,23.9
36182.0,23.0,23.4,23.4,23.9
36212.0,23.1,23.4,23.4,23.9
36242.0,23.1,23.4,23.4,23.9
36272.0,23.1,23.4,23.4,23.9
36302.0,23.1,23.4,23.4,24.0
36332.0,23.1,23.4,23.4,24.0
36362.0,23.1,23.4,23.4,24.0
36392.0,23.1,23.4,23.4,24.1
36422.0,23.1,23.4,23.4,24.1
36452.0,23.1,23.4,23.4,24.1
36482.0,23.1,23.4,23.4,24.1
36512.0,23.1,23.4,23.4,24.1
36542.0,23.1,23.4,23.4,24.0
36572.0,23.1,23.4,23.4,23.9
36602.0,23.1,23.4,23.4,24.0
36632.0,23.1,23.4,23.4,24.0
36662.0,23.1,23.4,23.4,24.0
36692.0,23.1,23.4,23.4,24.0
36722.0,23.1,23.4,23.4,24.0
36752.0,23.1,23.4,23.4,24.0
36782.0,23.1,23.4,23.4,24.0
36812.0,23.1,23.5,23.5,24.0
36842.0,23.1,23.5,23.5,24.0
36872.0,23.1,23.5,23.5,24.0
36902.0,23.2,23.5,23.5,23.9
36932.0,23.2,23.6,23.6,24.0
36962.0,23.2,23.6,23.6,24.0
36992.0,23.2,23.6,23.6,23.9
37022.0,23.2,23.6,23.6,23.8
37052.0,23.2,23.6,23.6,23.8
37082.0,23.2,23.6,23.6,23.7
37112.0,23.2,23.6,23.6,23.8
37142.0,23.2,23.6,23.6,23.9
37172.0,23.2,23.6,23.6,23.9
37202.0,23.2,23.6,23.6,24.0
37232.0,23.2,23.6,23.6,24.1
37262.0,23.2,23.6,23.6,24.1
37292.0,23.2,23.6,23.6,24.1
37322.0,23.2,23.6,23.6,24.1
37352.0,23.3,23.6,23.6,24.2
37382.0,23.3,23.6,23.6,24.2
37412.0,23.3,23.7,23.7,24.1
37442.0,23.3,23.7,23.7,24.1
37472.0,23.3,23.7,23.7,24.1
37502.0,23.3,23.7,23.7,24.1
37532.0,23.3,23.7,23.7,24.2
37562.0,23.3,23.7,23.7,24.2
37592.0,23.3,23.7,23.7,24.3
37622.0,23.3,23.7,23.7,24.3
37652.0,23.3,23.7,23.7,24.4
37682.0,23.3,23.7,23.7,24.4
37712.0,23.3,23.7,23.7,24.5
37742.0,23.3,23.7,23.7,24.4
37772.0,23.3,23.7,23.7,24.4
37802.0,23.3,23.7,23.7,24.3
37832.0,23.3,23.7,23.7,24.2
37862.0,23.3,23.7,23.7,24.2
37892.0,23.3,23.7,23.7,24.1
37922.0,23.3,23.7,23.7,24.1
37952.0,23.3,23.7,23.7,24.1
37982.0,23.3,23.7,23.7,24.0
38012.0,23.3,23.7,23.7,24.0
38042.0,23.3,23.7,23.7,24.0
38072.0,23.3,23.7,23.7,24.0
38102.0,23.3,23.7,23.7,24.2
38132.0,23.3,23.7,23.7,24.2
38162.0,23.3,23.7,23.7,24.1
38192.0,23.3,23.7,23.7,24.2
38222.0,23.3,23.7,23.7,24.1
38252.0,23.3,23.7,23.7,24.1
38282.0,23.3,23.7,23.7,24.1
38312.0,23.3,23.7,23.7,24.1
38342.0,23.3,23.7,23.7,24.1
38372.0,23.3,23.7,23.7,24.1
38402.0,23.3,23.7,23.7,24.2
38432.0,23.3,23.7,23.7,24.3
38462.0,23.3,23.7,23.7,24.3
38492.0,23.3,23.7,23.7,24.3
38522.0,23.3,23.7,23.7,24.4
38552.0,23.3,23.7,23.7,24.5
38582.0,23.3,23.7,23.7,24.4
38612.0,23.3,23.7,23.7,24.5
38642.0,23.3,23.7,23.7,24.5
38672.0,23.3,23.7,23.7,24.4
38702.0,23.3,23.7,23.7,24.4
38732.0,23.3,23.7,23.6,24.4
38762.0,23.3,23.6,23.6,24.3
38792.0,23.3,23.6,23.6,24.4
38822.0,23.2,23.6,23.6,24.4
38852.0,23.2,23.5,23.5,24.4
38882.0,23.2,23.5,23.5,24.3
38912.0,23.1,23.5,23.5,24.2
38942.0,23.1,23.5,23.3,24.2
38972.0,23.0,23.3,23.3,24.2
39002.0,23.0,23.3,23.3,24.2
39032.0,23.0,23.3,23.2,24.1
39062.0,22.9,23.2,23.2,24.2
39092.0,22.9,23.2,23.2,24.2
39122.0,22.8,23.1,23.1,24.2
39152.0,22.8,23.1,23.1,24.2
39182.0,22.7,23.0,23.0,24.2
39212.0,22.7,23.0,23.0,24.3
39242.0,22.7,23.0,22.9,24.4
39272.0,22.6,22.9,22.9,24.4
39302.0,22.6,22.9,22.9,24.4
39332.0,22.4,22.7,22.7,24.4
39362.0,22.4,22.7,22.7,24.4
39392.0,22.3,22.6,22.6,24.4
39422.0,22.3,22.6,22.5,24.5
39452.0,22.2,22.5,22.5,24.5
39482.0,22.2,22.5,22.5,24.5
39512.0,22.0,22.3,22.4,24.6
39542.0,22.0,22.3,22.4,24.6
39572.0,22.0,22.3,22.4,24.6
39602.0,22.0,22.3,22.4,24.5
39632.0,21.8,22.1,22.0,24.5
39662.0,21.8,22.1,22.2,24.5
39692.0,21.9,22.3,22.2,24.5
39722.0,21.9,22.3,22.3,24.3
39752.0,21.9,22.3,22.3,24.3
39782.0,22.0,22.3,22.3,24.3
39812.0,22.0,22.3,22.3,24.3
39842.0,22.0,22.3,22.3,24.3
39872.0,22.0,22.3,22.3,24.3
39902.0,22.0,22.3,22.3,24.3
39932.0,22.0,22.3,22.3,24.3
39962.0,22.0,22.3,22.3,24.3
39992.0,22.0,22.3,22.3,24.3
40022.0,22.0,22.3,22.3,24.3
40052.0,22.0,22.3,22.3,24.3
40082.0,22.2,22.5,22.4,24.2
40112.0,22.0,22.3,22.3,24.2
40142.0,22.0,22.3,22.3,24.1
40172.0,22.0,22.3,22.3,24.2
40202.0,22.0,22.3,22.3,24.4
40232.0,22.0,22.3,22.3,24.6
40262.0,22.0,22.3,22.3,24.8
40292.0,22.0,22.3,22.3,24.9
40322.0,22.0,22.3,22.3,25.1
40352.0,22.0,22.3,22.3,25.1
40382.0,22.0,22.3,22.3,25.0
40412.0,22.0,22.3,22.3,25.0
40442.0,22.0,22.3,22.3,24.8
40472.0,22.0,22.3,22.3,24.7
40502.0,22.0,22.3,22.3,24.5
40532.0,22.0,22.3,22.3,24.4
40562.0,22.0,22.3,22.3,24.4
40592.0,22.0,22.3,22.3,24.3
40622.0,22.0,22.3,22.3,24.2
40652.0,22.0,22.3,22.3,24.2
40682.0,22.0,22.3,22.3,24.3
40712.0,22.0,22.3,22.3,24.4
40742.0,22.0,22.3,22.3,24.5
40772.0,22.0,22.3,22.3,24.5
40802.0,22.0,22.3,22.3,24.7
40832.0,22.0,22.3,22.3,24.7
40862.0,22.0,22.3,22.3,22.6
40892.0,22.0,22.3,22.3,24.1
40922.0,22.0,22.3,22.3,24.4
40952.0,22.0,22.3,22.3,24.3
40982.0,22.0,22.3,22.3,23.8
41012.0,22.0,22.3,22.3,21.2
41042.0,22.0,22.3,22.3,19.6
41072.0,22.0,22.3,22.3,18.7
41102.0,22.0,22.3,22.3,18.3
41132.0,22.0,22.3,22.3,18.5
41162.0,22.0,22.3,22.3,19.0
41192.0,22.0,22.3,22.3,19.8
41222.0,22.0,22.3,22.3,20.6
41252.0,22.0,22.3,22.3,21.3
41282.0,22.0,22.3,22.3,22.1
41312.0,22.2,22.5,22.4,22.8
41342.0,22.3,22.6,22.6,23.5
41372.0,22.5,22.8,22.8,23.9
41402.0,22.6,22.9,23.0,24.2
41432.0,22.9,23.1,23.1,24.2
41462.0,23.0,23.3,23.3,24.0
41492.0,23.1,23.4,23.5,23.8
41522.0,23.4,23.7,23.6,23.7
41552.0,23.6,23.9,23.9,23.5
41582.0,23.7,24.0,24.0,23.3
41612.0,23.8,24.1,24.2,23.1
41642.0,23.8,24.1,24.2,23.0
41672.0,24.0,24.2,24.2,22.8
41702.0,24.0,24.2,24.2,22.8
41732.0,24.0,24.2,24.2,22.9
41762.0,24.0,24.2,24.2,23.1
41792.0,24.0,24.2,24.2,23.1
41822.0,24.0,24.2,24.2,23.3
41852.0,23.5,23.8,24.0,23.5
41882.0,24.1,24.4,24.3,23.5
41912.0,23.6,23.8,24.0,23.7
41942.0,24.1,24.4,24.3,23.8
41972.0,23.6,23.9,24.0,23.8
42002.0,24.0,24.3,24.2,23.9
42032.0,23.8,24.1,24.4,24.7
42062.0,25.0,25.2,25.4,25.2
42092.0,23.9,24.3,24.1,25.1
42122.0,24.0,24.2,24.3,24.9
42152.0,24.0,24.2,24.3,24.7
42182.0,24.5,24.8,24.7,24.5
42212.0,23.9,24.2,24.1,24.3
42242.0,23.9,24.2,24.1,24.0
42272.0,23.9,24.2,24.1,23.8
42302.0,23.9,24.2,24.1,23.6
42332.0,23.9,24.2,24.1,23.5
42362.0,24.0,24.3,24.1,23.6
42392.0,24.0,24.3,24.1,23.6
42422.0,24.0,24.3,24.1,23.7
42452.0,24.0,24.3,24.1,23.7
42482.0,23.9,24.3,24.1,23.7
42512.0,23.9,24.3,24.1,23.7
42542.0,23.9,24.3,24.1,23.7
42572.0,23.9,24.3,24.1,23.8
42602.0,23.9,24.3,24.1,23.8
42632.0,23.9,24.3,24.1,23.9
42662.0,23.9,24.3,24.1,24.0
42692.0,23.9,24.3,24.1,24.2
42722.0,23.9,24.3,24.1,24.2
42752.0,23.9,24.3,24.1,24.5
42782.0,23.9,24.3,24.1,24.6
42812.0,23.9,24.3,24.1,24.7
42842.0,23.9,24.3,24.1,24.9
42872.0,23.9,24.3,24.1,24.9
42902.0,23.9,24.3,24.1,24.8
42932.0,23.9,24.3,24.1,24.8
42962.0,23.9,24.3,24.1,24.7
42992.0,23.9,24.3,24.1,24.7
43022.0,23.9,24.3,24.1,24.6
43052.0,23.9,24.3,24.1,24.5
43082.0,23.9,24.3,24.1,24.3
43112.0,23.9,24.3,24.1,24.3
43142.0,23.9,24.3,24.1,24.4
43172.0,23.9,24.1,24.1,24.3
43202.0,23.9,24.1,24.1,24.3
43232.0,23.9,24.1,24.1,24.2
43262.0,23.9,24.1,24.1,24.2
43292.0,23.8,24.0,24.0,24.1
43322.0,23.8,24.0,24.0,24.0
43352.0,23.7,24.0,24.0,24.0
43382.0,23.7,23.9,23.9,23.9
43412.0,23.7,23.9,23.9,23.9
43442.0,23.5,23.9,23.9,23.9
43472.0,23.5,23.8,23.7,23.9
43502.0,23.4,23.8,23.7,23.9
43532.0,23.4,23.8,23.6,23.9
43562.0,23.3,23.6,23.6,23.8
43592.0,23.3,23.6,23.5,23.8
43622.0,23.2,23.5,23.4,23.9
43652.0,23.0,23.3,23.3,24.0
43682.0,23.0,23.3,23.3,24.0
43712.0,22.9,23.2,23.1,24.0
43742.0,22.8,23.1,23.0,24.0
43772.0,22.8,23.1,23.0,24.0
43802.0,22.6,22.9,22.9,23.9
43832.0,22.5,22.8,22.8,24.0
43862.0,22.4,22.7,22.6,24.0
43892.0,22.2,22.6,22.5,24.0
43922.0,22.2,22.6,22.5,24.0
43952.0,21.9,22.2,22.1,24.0
43982.0,21.9,22.2,22.3,24.1
44012.0,22.0,22.3,22.3,24.1
44042.0,22.0,22.3,22.3,24.2
44072.0,22.0,22.3,22.3,24.3
44102.0,22.0,22.3,22.3,24.2
44132.0,22.0,22.3,22.3,24.2
44162.0,22.0,22.3,22.3,24.1
44192.0,22.0,22.3,22.3,24.1
44222.0,22.0,22.3,22.3,24.1
44252.0,22.0,22.3,22.3,24.0
44282.0,22.0,22.3,22.3,23.9
44312.0,22.0,22.3,22.3,23.6
44342.0,22.0,22.3,22.3,23.5
44372.0,22.0,22.3,22.3,23.5
44402.0,22.0,22.3,22.3,23.5
44432.0,22.0,22.3,22.3,23.4
44462.0,22.0,22.3,22.3,23.4
44492.0,22.0,22.3,22.3,23.4
44522.0,22.0,22.3,22.3,23.4
44552.0,22.0,22.3,22.3,23.5
44582.0,22.0,22.3,22.3,23.6
44612.0,22.0,22.3,22.3,23.6
44642.0,22.0,22.3,22.3,23.7
44672.0,22.0,22.3,22.3,23.7
44702.0,22.0,22.3,22.3,23.8
44732.0,22.0,22.3,22.3,23.8
44762.0,22.0,22.3,22.3,23.9
44792.0,22.0,22.3,22.3,23.9
44822.0,22.0,22.3,22.3,23.8
44852.0,22.1,22.4,22.4,23.8
44882.0,22.1,22.4,22.5,23.8
44912.0,22.3,22.5,22.5,23.7
44942.0,22.3,22.7,22.6,23.7
44972.0,22.4,22.7,22.7,23.5
45002.0,22.5,22.8,22.7,23.3
45032.0,22.5,22.8,22.8,23.3
45062.0,22.6,22.9,22.8,23.2
45092.0,22.6,22.9,22.8,23.1
45122.0,22.6,22.9,22.8,23.1
45152.0,22.6,22.9,22.8,23.2
45182.0,22.8,23.1,23.0,23.4
45212.0,22.5,22.8,22.7,23.2
45242.0,22.5,22.8,22.8,23.4
45272.0,22.6,22.8,22.8,23.8
45302.0,22.6,22.8,22.8,25.2
45332.0,22.6,22.8,22.8,32.4
45362.0,22.6,22.8,22.8,41.8
45392.0,22.6,22.8,22.8,37.8
45422.0,22.6,22.8,22.8,34.6
45452.0,22.6,22.9,22.8,31.9
45482.0,22.6,22.9,22.9,29.5
45512.0,22.7,23.0,23.0,26.6
45542.0,22.8,23.0,23.0,26.4
45572.0,22.8,23.0,23.0,25.5
45602.0,22.8,23.0,23.0,24.2
45632.0,22.8,23.1,23.0,24.0
45662.0,22.7,23.0,22.9,24.1
45692.0,22.7,23.0,22.9,23.8
45722.0,22.5,22.9,22.8,23.7
45752.0,22.4,22.7,22.7,23.7
45782.0,22.3,22.6,22.5,23.8
45812.0,22.2,22.5,22.4,23.9
45842.0,22.1,22.4,22.3,24.0
45872.0,22.1,22.4,22.3,24.2
45902.0,22.1,22.4,22.3,24.4
45932.0,22.1,22.3,22.3,24.6
45962.0,22.1,22.3,22.3,24.8
45992.0,22.1,22.3,22.3,24.8
46022.0,22.1,22.3,22.3,24.6
46052.0,22.1,22.3,22.3,20.2
46082.0,22.1,22.3,22.3,18.6
46112.0,22.1,22.3,22.3,19.3
46142.0,22.1,22.3,22.3,20.1
46172.0,22.1,22.3,22.3,21.7
46202.0,22.1,22.3,22.3,23.9
46232.0,22.1,22.3,22.3,23.7
46262.0,22.1,22.3,22.3,23.5
46292.0,22.1,22.3,22.3,23.5
46322.0,22.1,22.3,22.3,23.5
46352.0,22.1,22.3,22.3,23.7
46382.0,22.1,22.4,22.4,24.1
46412.0,22.1,22.4,22.3,24.3
46442.0,22.1,22.4,22.3,24.5
46472.0,21.8,22.1,22.0,24.6
46502.0,21.8,22.1,22.2,24.8
46532.0,22.0,22.2,22.2,24.9
46562.0,22.0,22.2,22.2,25.1
46592.0,22.0,22.2,22.3,24.9
46622.0,22.1,22.4,22.3,23.0
46652.0,22.1,22.4,22.3,22.9
46682.0,22.1,22.4,22.3,23.3
46712.0,22.1,22.4,22.3,23.4
46742.0,22.1,22.4,22.3,23.3
46772.0,22.1,22.4,22.3,23.3
46802.0,22.1,22.4,22.3,23.3
46832.0,22.1,22.4,22.3,24.0
46862.0,22.1,22.4,22.3,24.7
46892.0,22.1,22.4,22.3,24.6
46922.0,22.1,22.4,22.3,24.4
46952.0,22.1,22.4,22.3,24.3
46982.0,22.1,22.4,22.3,24.2
47012.0,22.1,22.4,22.3,24.1
47042.0,22.1,22.4,22.3,24.1
47072.0,22.1,22.4,22.3,24.1
47102.0,22.1,22.4,22.3,24.1
47132.0,22.1,22.4,22.3,24.1
47162.0,22.1,22.4,22.3,24.0
47192.0,22.1,22.4,22.3,23.9
47222.0,22.1,22.4,22.3,23.9
47252.0,22.1,22.4,22.3,23.9
47282.0,22.1,22.4,22.3,24.0
47312.0,22.1,22.4,22.3,23.9
47342.0,22.1,22.4,22.3,23.8
47372.0,22.1,22.4,22.3,23.7
47402.0,22.1,22.4,22.3,23.9
47432.0,22.1,22.4,22.3,23.9
47462.0,22.1,22.4,22.3,23.9
47492.0,22.1,22.4,22.3,23.9
47522.0,22.1,22.4,22.3,23.9
47552.0,22.1,22.4,22.3,23.9
47582.0,22.1,22.4,22.3,23.9
47612.0,22.1,22.4,22.3,24.0
47642.0,22.1,22.4,22.3,24.1
47672.0,22.1,22.4,22.3,24.1
47702.0,22.1,22.4,22.3,24.1
47732.0,22.1,22.4,22.3,24.1
47762.0,22.1,22.4,22.3,24.2
47792.0,22.1,22.4,22.3,24.2
47822.0,22.1,22.4,22.3,24.1
47852.0,22.1,22.4,22.3,24.1
47882.0,22.1,22.4,22.3,24.0
47912.0,22.1,22.4,22.3,23.9
47942.0,22.1,22.4,22.3,23.8
47972.0,22.1,22.4,22.3,23.8
48002.0,22.1,22.4,22.3,23.8
48032.0,22.1,22.4,22.3,24.1
48062.0,22.1,22.4,22.3,24.2
48092.0,22.1,22.4,22.3,24.2
48122.0,22.1,22.4,22.3,24.1
48152.0,22.1,22.4,22.3,24.1
48182.0,22.1,22.4,22.3,24.2
48212.0,22.1,22.4,22.3,24.1
48242.0,22.1,22.4,22.3,24.1
48272.0,22.1,22.4,22.3,23.8
48302.0,22.1,22.4,22.3,22.5
48332.0,22.1,22.4,22.3,21.0
48362.0,22.1,22.4,22.3,20.8
48392.0,22.1,22.4,22.3,21.3
48422.0,22.1,22.4,22.3,21.8
48452.0,22.1,22.4,22.3,22.3
48482.0,22.1,22.4,22.3,22.9
48512.0,22.1,22.4,22.3,23.7
48542.0,22.1,22.4,22.3,24.0
48572.0,22.1,22.4,22.3,24.1
48602.0,22.1,22.4,22.3,24.7
48632.0,22.1,22.4,22.3,25.4
48662.0,22.1,22.4,22.3,25.6
48692.0,22.1,22.4,22.3,25.8
48722.0,22.1,22.4,22.3,25.6
48752.0,22.1,22.4,22.3,25.4
48782.0,22.1,22.4,22.3,25.3
48812.0,22.1,22.4,22.3,25.1
48842.0,22.1,22.4,22.3,24.9
48872.0,22.1,22.4,22.3,24.7
48902.0,22.1,22.4,22.3,24.4
48932.0,22.1,22.4,22.3,24.3
48962.0,22.1,22.4,22.3,24.1
48992.0,22.1,22.4,22.3,23.9
49022.0,22.1,22.4,22.3,23.6
49052.0,22.1,22.4,22.3,23.4
49082.0,22.1,22.4,22.3,23.3
49112.0,22.1,22.4,22.3,23.4
49142.0,22.1,22.4,22.3,23.5
49172.0,22.1,22.4,22.3,23.7
49202.0,22.1,22.4,22.3,23.8
49232.0,22.1,22.4,22.3,24.0
49262.0,22.1,22.4,22.3,24.2
49292.0,22.1,22.4,22.3,24.3
49322.0,22.1,22.4,22.3,24.5
49352.0,22.1,22.4,22.3,24.7
49382.0,22.1,22.4,22.3,24.9
49412.0,22.1,22.4,22.3,24.8
49442.0,22.1,22.4,22.3,24.8
49472.0,22.1,22.4,22.3,24.7
49502.0,22.1,22.4,22.3,24.6
49532.0,22.1,22.4,22.3,24.6
49562.0,22.1,22.4,22.3,24.4
49592.0,22.1,22.4,22.3,24.2
49622.0,22.1,22.4,22.3,24.2
49652.0,22.1,22.4,22.3,24.2
49682.0,22.1,22.4,22.3,24.0
49712.0,22.1,22.4,22.3,23.7
49742.0,22.1,22.4,22.3,23.5
49772.0,22.1,22.4,22.3,23.2
49802.0,22.1,22.4,22.3,23.0
49832.0,22.1,22.4,22.3,23.1
49862.0,22.1,22.4,22.3,23.1
49892.0,22.1,22.4,22.3,23.2
49922.0,22.1,22.4,22.3,23.4
49952.0,22.1,22.4,22.3,23.5
49982.0,22.1,22.4,22.3,23.7
50012.0,22.1,22.4,22.3,23.9
50042.0,22.1,22.4,22.3,24.0
50072.0,22.1,22.4,22.3,24.3
50102.0,22.1,22.4,22.3,24.6
50132.0,22.1,22.4,22.3,24.9
50162.0,22.1,22.4,22.3,24.9
50192.0,22.1,22.4,22.3,24.8
50222.0,22.1,22.4,22.3,24.7
50252.0,22.1,22.4,22.3,24.5
50282.0,22.1,22.4,22.3,24.4
50312.0,22.1,22.4,22.3,24.3
50342.0,22.1,22.4,22.3,24.1
50372.0,22.1,22.4,22.3,23.9
50402.0,22.1,22.4,22.3,23.6
50432.0,21.9,22.2,22.3,23.2
50462.0,21.9,22.2,22.3,22.8
50492.0,22.0,22.3,22.3,22.4
50522.0,22.0,22.3,22.3,22.3
50552.0,22.0,22.3,22.3,22.6
50582.0,22.0,22.3,22.3,22.7
50612.0,22.0,22.3,22.3,22.9
50642.0,22.0,22.3,22.3,23.1
50672.0,22.0,22.3,22.3,23.4
50702.0,22.0,22.3,22.3,23.6
50732.0,22.0,22.3,22.3,23.8
50762.0,22.0,22.3,22.3,24.0
50792.0,22.0,22.3,22.3,24.3
50822.0,22.0,22.3,22.3,24.5
50852.0,22.0,22.3,22.3,24.7
50882.0,22.0,22.3,22.3,24.9
50912.0,22.0,22.3,22.3,25.0
50942.0,22.0,22.3,22.3,24.9
50972.0,22.0,22.3,22.3,24.8
51002.0,22.0,22.3,22.3,24.7
51032.0,22.0,22.3,22.3,24.6
51062.0,22.0,22.3,22.3,24.4
51092.0,22.0,22.3,22.3,24.3
51122.0,22.0,22.3,22.3,24.2
51152.0,22.0,22.3,22.3,24.1
51182.0,22.0,22.3,22.4,23.9
51212.0,21.9,22.2,22.3,23.2
51242.0,21.9,22.2,22.3,23.1
51272.0,21.9,22.2,22.3,23.1
51302.0,22.0,22.2,22.3,23.1
51332.0,22.0,22.4,22.3,23.2
51362.0,22.0,22.4,22.3,23.4
51392.0,22.0,22.4,22.3,23.2
51422.0,22.0,22.4,22.3,23.0
51452.0,22.0,22.4,22.3,22.7
51482.0,22.0,22.4,22.3,22.6
51512.0,22.0,22.4,22.3,22.6
51542.0,22.0,22.4,22.3,22.7
51572.0,22.0,22.4,22.4,22.7
51602.0,22.2,22.5,22.5,22.7
51632.0,22.3,22.6,22.6,22.7
51662.0,22.3,22.6,22.6,22.9
51692.0,22.5,22.8,22.8,22.9
51722.0,22.7,22.9,22.9,23.0
51752.0,22.8,23.0,23.1,23.1
51782.0,22.9,23.1,23.2,23.2
51812.0,23.0,23.2,23.2,23.3
51842.0,23.0,23.3,23.3,23.5
51872.0,23.1,23.3,23.4,23.5
51902.0,23.1,23.5,23.4,23.6
51932.0,23.2,23.5,23.5,23.7
51962.0,23.2,23.6,23.5,23.7
51992.0,23.2,23.6,23.5,23.7
52022.0,23.3,23.6,23.5,23.7
52052.0,23.3,23.6,23.6,23.8
52082.0,23.3,23.6,23.6,23.8
52112.0,23.3,23.7,23.6,23.9
52142.0,23.3,23.7,23.6,23.9
52172.0,23.3,23.7,23.6,24.0
52202.0,23.3,23.6,23.6,24.0
52232.0,23.3,23.6,23.6,24.1
52262.0,23.3,23.6,23.6,24.1
52292.0,23.3,23.7,23.6,24.1
52322.0,23.3,23.7,23.6,24.2
52352.0,23.3,23.7,23.6,24.2
52382.0,23.4,23.7,23.8,24.3
52412.0,23.4,23.8,23.8,24.3
52442.0,23.4,23.8,23.8,24.2
52472.0,23.6,23.8,23.8,24.2
52502.0,23.6,23.8,23.8,24.2
52532.0,23.6,23.8,23.8,24.1
52562.0,23.6,23.8,23.8,24.0
52592.0,23.6,23.8,23.8,23.9
52622.0,23.6,23.8,23.8,23.9
52652.0,23.6,23.8,23.8,23.9
52682.0,23.6,23.8,23.8,23.9
52712.0,23.6,23.8,23.8,23.9
52742.0,23.6,23.8,23.8,23.9
52772.0,23.6,23.8,23.8,23.9
52802.0,23.6,23.8,23.8,23.9
52832.0,23.6,23.8,23.8,23.8
52862.0,23.6,23.8,23.8,23.9
52892.0,23.6,23.8,23.8,23.9
52922.0,23.6,23.8,23.8,24.0
52952.0,23.6,23.8,23.8,24.0
52982.0,23.6,23.8,23.8,24.1
53012.0,23.6,23.8,23.8,24.1
53042.0,23.6,23.8,23.8,24.1
53072.0,23.6,23.8,23.8,24.2
53102.0,23.6,23.8,23.8,24.1
53132.0,23.4,23.8,23.8,24.1
53162.0,23.4,23.7,23.6,24.1
53192.0,23.4,23.7,23.6,24.1
53222.0,23.4,23.7,23.6,24.1
53252.0,23.3,23.6,23.5,24.1
53282.0,23.3,23.6,23.5,24.0
53312.0,23.3,23.6,23.5,24.0
53342.0,23.2,23.5,23.4,24.0
53372.0,23.2,23.5,23.4,23.9
53402.0,23.2,23.5,23.4,23.9
53432.0,23.2,23.5,23.3,23.9
53462.0,23.0,23.3,23.3,23.9
53492.0,23.0,23.3,23.3,23.9
53522.0,23.0,23.3,23.3,23.9
53552.0,23.0,23.3,23.3,23.9
53582.0,23.0,23.3,23.3,23.9
53612.0,23.0,23.3,23.3,23.9
53642.0,23.0,23.3,23.3,23.9
53672.0,23.0,23.3,23.3,23.9
53702.0,23.0,23.3,23.3,23.9
53732.0,23.0,23.3,23.3,24.1
53762.0,23.0,23.3,23.3,24.1
53792.0,23.0,23.3,23.3,24.1
53822.0,23.0,23.3,23.3,24.1
53852.0,23.0,23.3,23.3,24.1
53882.0,23.0,23.3,23.3,24.1
53912.0,23.0,23.3,23.3,24.4
53942.0,23.0,23.3,23.3,24.8
53972.0,23.0,23.3,23.3,25.1
54002.0,23.0,23.3,23.3,25.6
54032.0,23.0,23.3,23.3,25.9
54062.0,23.0,23.3,23.3,26.2
54092.0,23.0,23.3,23.3,26.1
54122.0,23.0,23.3,23.3,25.9
54152.0,23.0,23.3,23.3,25.6
54182.0,23.0,23.3,23.3,25.4
54212.0,22.9,23.2,23.2,25.1
54242.0,22.9,23.2,23.2,24.8
54272.0,22.9,23.2,23.1,24.6
54302.0,22.8,23.1,23.1,24.5
54332.0,22.8,23.1,23.0,24.3
54362.0,22.7,22.9,22.9,23.9
54392.0,22.6,22.9,22.9,23.2
54422.0,22.5,22.8,22.7,22.5
54452.0,22.5,22.7,22.6,21.9
54482.0,22.3,22.7,22.6,21.8
54512.0,22.2,22.6,22.5,21.8
54542.0,22.2,22.4,22.4,21.9
54572.0,22.1,22.4,22.4,22.2
54602.0,22.1,22.3,22.3,22.5
54632.0,22.1,22.3,22.3,22.8
54662.0,22.1,22.3,22.3,23.0
54692.0,22.1,22.3,22.3,23.2
54722.0,22.1,22.3,22.3,23.4
54752.0,22.1,22.3,22.3,23.6
54782.0,22.1,22.4,22.4,23.9
54812.0,22.2,22.4,22.5,24.0
54842.0,22.3,22.6,22.6,24.4
54872.0,22.3,22.7,22.7,24.4
54902.0,22.5,22.8,22.8,24.4
54932.0,22.6,22.9,22.9,24.4
54962.0,22.6,22.9,22.9,24.3
54992.0,22.8,23.1,23.1,24.2
55022.0,22.9,23.2,23.2,24.2
55052.0,22.9,23.2,23.2,24.1
55082.0,22.9,23.2,23.2,23.8
55112.0,22.9,23.2,23.2,23.8
55142.0,22.9,23.2,23.2,23.5
55172.0,22.9,23.2,23.2,23.3
55202.0,22.9,23.2,23.2,23.1
55232.0,22.8,23.2,23.1,22.9
55262.0,22.8,23.0,23.0,22.9
55292.0,22.7,23.0,23.0,22.9
55322.0,22.7,22.9,23.0,23.1
55352.0,22.7,22.9,23.0,23.2
55382.0,22.7,22.9,23.0,23.4
55412.0,22.7,22.9,23.0,23.5
55442.0,22.7,22.9,23.0,23.7
55472.0,22.7,22.9,23.0,23.8
55502.0,22.7,22.9,23.0,23.9
55532.0,22.7,23.1,23.1,24.1
55562.0,22.8,23.1,23.1,24.2
55592.0,23.0,23.2,23.2,24.2
55622.0,23.0,23.3,23.3,24.3
55652.0,23.1,23.3,23.3,24.3
55682.0,23.2,23.5,23.5,24.3
55712.0,23.2,23.6,23.6,24.2
55742.0,23.3,23.6,23.6,24.2
55772.0,23.3,23.7,23.7,24.1
55802.0,23.4,23.7,23.7,24.1
55832.0,23.4,23.8,23.7,24.0
55862.0,23.4,23.8,23.7,23.9
55892.0,23.4,23.8,23.7,23.9
55922.0,23.4,23.8,23.7,23.8
55952.0,23.4,23.7,23.7,23.8
55982.0,23.4,23.7,23.7,23.7
56012.0,23.4,23.7,23.7,23.7
56042.0,23.3,23.7,23.6,23.7
56072.0,23.3,23.6,23.6,23.8
56102.0,23.3,23.6,23.6,23.9
56132.0,23.2,23.6,23.5,24.0
56162.0,23.2,23.5,23.5,24.0
56192.0,23.2,23.5,23.5,24.1
56222.0,23.2,23.5,23.5,24.2
56252.0,23.2,23.5,23.5,24.4
56282.0,23.2,23.5,23.5,24.8
56312.0,23.2,23.5,23.5,25.2
56342.0,23.2,23.5,23.5,25.5
56372.0,23.2,23.5,23.5,26.0
56402.0,23.2,23.5,23.5,26.3
56432.0,23.2,23.5,23.5,26.2
56462.0,23.2,23.5,23.5,26.1
56492.0,23.2,23.5,23.5,25.8
56522.0,23.2,23.5,23.5,25.5
56552.0,23.2,23.5,23.5,25.3
56582.0,23.2,23.5,23.5,25.0
56612.0,23.2,23.5,23.5,24.7
56642.0,23.2,23.5,23.5,24.5
56672.0,23.2,23.5,23.5,24.3
56702.0,23.1,23.5,23.3,24.2
56732.0,23.0,23.3,23.2,24.0
56762.0,23.0,23.3,23.2,23.8
56792.0,22.9,23.2,23.1,23.6
56822.0,22.8,23.1,23.0,23.5
56852.0,22.8,23.1,23.0,23.5
56882.0,22.6,23.0,22.9,23.5
56912.0,22.5,22.8,22.8,23.5
56942.0,22.5,22.8,22.8,23.5
56972.0,22.4,22.7,22.6,23.7
57002.0,22.3,22.6,22.6,23.8
57032.0,22.3,22.6,22.5,23.8
57062.0,22.2,22.5,22.4,23.9
57092.0,22.2,22.5,22.4,24.0
57122.0,22.2,22.5,22.4,24.0
57152.0,22.1,22.4,22.3,24.2
57182.0,22.1,22.4,22.3,24.5
57212.0,22.1,22.4,22.3,24.8
57242.0,22.1,22.4,22.3,24.9
57272.0,22.1,22.4,22.3,25.0
57302.0,22.1,22.4,22.3,25.1
57332.0,22.1,22.4,22.3,25.0
57363.0,22.2,22.5,22.4,24.9
57392.0,22.2,22.5,22.4,24.7
57422.0,22.2,22.5,22.4,24.7
57452.0,22.2,22.5,22.4,24.5
57483.0,22.2,22.5,22.4,24.4
57512.0,22.2,22.5,22.4,24.2
57542.0,22.2,22.5,22.4,23.9
57572.0,22.2,22.5,22.4,23.6
57602.0,22.2,22.5,22.4,23.4
57632.0,22.2,22.5,22.4,23.3
57662.0,22.2,22.5,22.4,23.2
57692.0,22.0,22.3,22.3,23.3
57722.0,22.0,22.3,22.3,23.3
57752.0,22.0,22.3,22.3,23.3
57782.0,22.0,22.3,22.3,23.4
57812.0,22.0,22.3,22.3,23.6
57842.0,22.0,22.3,22.3,23.7
57872.0,22.0,22.3,22.3,23.9
57902.0,22.0,22.3,22.3,23.9
57932.0,22.0,22.3,22.3,24.1
57962.0,22.0,22.3,22.3,24.3
57992.0,22.0,22.3,22.3,24.4
58022.0,22.0,22.3,22.3,24.4
58052.0,22.0,22.3,22.3,24.4
58082.0,22.0,22.3,22.3,24.5
58112.0,22.0,22.3,22.3,24.4
58142.0,22.0,22.3,22.3,24.5
58172.0,22.0,22.3,22.3,24.4
58202.0,22.0,22.3,22.3,24.3
58233.0,22.0,22.3,22.3,24.2
58263.0,22.0,22.3,22.3,24.1
58293.0,22.0,22.3,22.3,24.1
58323.0,22.0,22.3,22.3,24.0
58353.0,22.0,22.3,22.3,23.9
58383.0,22.2,22.4,22.4,23.6
58413.0,22.2,22.4,22.4,23.5
58443.0,22.3,22.4,22.5,23.3
58473.0,22.3,22.6,22.5,23.3
58503.0,22.3,22.6,22.6,23.2
58533.0,22.4,22.6,22.6,23.3
58563.0,22.4,22.7,22.6,23.3
58593.0,22.4,22.7,22.6,23.4
58623.0,22.4,22.7,22.6,23.5
58653.0,22.4,22.7,22.6,23.6
58683.0,22.4,22.7,22.6,23.7
58713.0,22.4,22.7,22.6,23.8
58743.0,22.4,22.7,22.6,23.8
58773.0,22.4,22.7,22.6,23.9
58803.0,22.4,22.7,22.6,23.9
58833.0,22.4,22.7,22.6,24.1
58863.0,22.4,22.7,22.6,24.1
58893.0,22.4,22.7,22.6,24.2
58923.0,22.4,22.7,22.6,24.2
58953.0,22.4,22.7,22.6,24.3
58983.0,22.4,22.7,22.6,24.3
59013.0,22.4,22.7,22.6,24.3
59043.0,22.4,22.7,22.6,24.4
59073.0,22.4,22.7,22.6,24.4
59103.0,22.4,22.7,22.6,24.4
59133.0,22.4,22.7,22.6,24.3
59163.0,22.4,22.7,22.6,24.3
59193.0,22.4,22.7,22.6,24.2
59223.0,22.4,22.7,22.6,24.1
59253.0,22.4,22.7,22.6,24.1
59283.0,22.4,22.7,22.6,24.0
59313.0,22.4,22.7,22.6,24.0
59343.0,22.4,22.7,22.6,23.9
59373.0,22.4,22.7,22.6,24.0
59403.0,22.4,22.7,22.6,23.9
59433.0,22.4,22.7,22.6,23.8
59463.0,22.4,22.7,22.6,23.8
59493.0,22.4,22.7,22.6,23.7
59523.0,22.4,22.7,22.6,23.7
59553.0,22.4,22.7,22.6,23.6
59583.0,22.4,22.7,22.6,23.5
59613.0,22.4,22.7,22.6,23.2
59643.0,22.4,22.7,22.6,22.9
59673.0,22.4,22.7,22.6,22.7
59703.0,22.4,22.7,22.6,22.5
59733.0,22.4,22.7,22.6,22.5
59763.0,22.4,22.7,22.6,22.6
59793.0,22.4,22.7,22.6,22.7
59823.0,22.4,22.7,22.6,22.7
59853.0,22.4,22.7,22.6,22.9
59883.0,22.4,22.7,22.7,23.1
59913.0,22.5,22.8,22.7,23.3
59943.0,22.5,22.8,22.8,23.5
59973.0,22.6,22.9,22.9,23.6
60003.0,22.6,22.9,22.9,23.7
60033.0,22.8,23.1,23.1,23.9
60063.0,22.8,23.1,23.1,24.0
60093.0,22.9,23.2,23.2,24.0
60123.0,22.9,23.2,23.2,24.0
60153.0,23.0,23.3,23.3,24.0
60183.0,23.0,23.3,23.3,24.1
60213.0,23.0,23.3,23.3,24.4
60243.0,23.0,23.3,23.3,24.7
60273.0,23.0,23.3,23.3,25.0
60303.0,23.0,23.3,23.3,25.4
60333.0,23.0,23.3,23.3,25.7
60363.0,23.0,23.3,23.3,25.8
60393.0,23.0,23.3,23.3,25.9
60423.0,23.0,23.3,23.3,25.8
60453.0,23.0,23.3,23.3,25.6
60483.0,23.0,23.3,23.3,25.3
60513.0,23.0,23.3,23.3,25.1
60543.0,23.0,23.3,23.3,24.9
60573.0,23.0,23.3,23.3,24.8
60603.0,23.0,23.3,23.3,24.6
60633.0,23.0,23.3,23.3,24.5
60663.0,23.0,23.3,23.3,24.4
60693.0,23.0,23.3,23.3,24.3
60723.0,22.9,23.2,23.2,24.2
60753.0,22.9,23.2,23.2,24.0
60783.0,22.9,23.2,23.1,23.9
60813.0,22.8,23.1,23.1,23.7
60843.0,22.8,23.1,23.1,23.7
60873.0,22.7,23.0,22.9,23.6
60903.0,22.7,23.0,22.9,23.6
60933.0,22.7,23.0,22.8,23.6
60963.0,22.5,22.8,22.8,23.7
60993.0,22.5,22.8,22.8,23.7
61023.0,22.4,22.7,22.7,23.8
61053.0,22.4,22.7,22.7,23.7
61083.0,22.3,22.6,22.5,23.8
61113.0,22.3,22.6,22.5,23.8
61143.0,22.3,22.5,22.5,23.7
61173.0,22.1,22.5,22.4,23.7
61203.0,22.1,22.5,22.4,23.5
61233.0,22.1,22.5,22.4,23.5
61263.0,22.1,22.5,22.4,23.5
61293.0,22.1,22.4,22.4,23.4
61323.0,22.1,22.4,22.4,23.3
61353.0,22.1,22.4,22.4,23.3
61383.0,22.1,22.4,22.4,23.3
61413.0,22.1,22.5,22.4,23.3
61443.0,22.1,22.5,22.4,23.2
61473.0,22.2,22.6,22.5,23.2
61503.0,22.4,22.6,22.7,23.2
61533.0,22.5,22.7,22.8,23.3
61563.0,22.5,22.9,22.9,23.3
61593.0,22.6,22.9,22.9,23.2
61623.0,22.7,23.0,23.0,23.3
61653.0,22.7,23.1,23.1,23.2
61683.0,22.9,23.1,23.1,23.3
61713.0,22.9,23.2,23.2,23.4
61743.0,22.9,23.2,23.2,23.4
61773.0,23.0,23.2,23.2,23.5
61803.0,23.0,23.2,23.2,23.6
61833.0,23.0,23.2,23.2,23.6
61863.0,23.0,23.2,23.2,23.7
61893.0,23.0,23.2,23.2,23.9
61923.0,23.0,23.2,23.2,23.9
61953.0,23.0,23.2,23.2,24.1
61983.0,23.0,23.2,23.2,24.3
62013.0,23.0,23.2,23.2,24.6
62043.0,23.0,23.2,23.2,25.3
62073.0,23.0,23.3,23.3,26.0
62103.0,23.0,23.3,23.3,26.6
62133.0,23.1,23.3,23.3,26.7
62163.0,23.1,23.4,23.3,26.8
62193.0,23.1,23.4,23.4,26.4
62223.0,23.1,23.4,23.4,26.0
62253.0,23.1,23.4,23.4,25.6
62283.0,23.1,23.4,23.4,25.3
62313.0,23.1,23.4,23.4,24.9
62343.0,23.1,23.4,23.4,24.7
62373.0,23.1,23.4,23.4,24.5
62403.0,23.1,23.4,23.3,24.1
62433.0,23.0,23.3,23.3,23.9
62463.0,23.0,23.2,23.2,23.7
62493.0,22.9,23.2,23.1,23.5
62523.0,22.8,23.1,23.1,23.2
62553.0,22.6,22.9,22.9,23.2
62583.0,22.5,22.8,22.8,23.2
62613.0,22.4,22.7,22.7,23.3
62643.0,22.4,22.7,22.6,23.4
62673.0,22.3,22.6,22.5,23.6
62703.0,22.2,22.4,22.3,23.8
62733.0,22.0,22.4,22.3,24.0
62763.0,22.0,22.3,22.3,24.2
62793.0,22.0,22.3,22.3,24.4
62823.0,22.0,22.3,22.3,24.7
62853.0,22.0,22.3,22.3,25.0
62883.0,22.0,22.3,22.3,25.1
62913.0,22.0,22.3,22.3,25.2
62943.0,22.0,22.3,22.3,25.2
62973.0,22.0,22.3,22.3,25.1
63003.0,22.0,22.3,22.3,25.0
63033.0,22.0,22.3,22.3,24.8
63063.0,22.0,22.3,22.3,24.6
63093.0,22.0,22.3,22.3,24.4
63123.0,22.0,22.3,22.3,24.3
63153.0,22.0,22.3,22.3,24.0
63183.0,22.0,22.3,22.3,23.7
63213.0,22.0,22.3,22.3,23.2
63243.0,22.0,22.3,22.3,23.0
63273.0,22.0,22.3,22.3,22.9
63303.0,22.0,22.3,22.3,22.8
63333.0,22.0,22.3,22.3,22.8
63363.0,22.0,22.3,22.3,23.0
63393.0,22.0,22.3,22.3,23.2
63423.0,22.0,22.3,22.3,23.4
63453.0,22.0,22.3,22.3,23.5
63483.0,22.0,22.3,22.3,23.7
63513.0,22.0,22.3,22.3,23.7
63543.0,22.0,22.3,22.3,23.9
63573.0,22.0,22.3,22.3,24.2
63603.0,22.0,22.3,22.3,24.5
63633.0,22.0,22.3,22.3,24.7
63663.0,22.0,22.3,22.3,24.9
63693.0,22.0,22.3,22.3,24.8
63723.0,22.0,22.3,22.3,24.7
63753.0,22.0,22.3,22.3,24.7
63783.0,22.0,22.3,22.3,24.5
63813.0,22.0,22.3,22.3,24.4
63843.0,22.0,22.3,22.3,24.4
63873.0,22.0,22.3,22.3,24.3
63903.0,22.0,22.3,22.3,24.0
63933.0,22.0,22.3,22.3,24.0
63963.0,22.0,22.3,22.3,23.7
63993.0,22.0,22.3,22.3,23.4
64023.0,22.0,22.3,22.3,23.0
64053.0,22.0,22.3,22.3,23.0
64083.0,22.0,22.3,22.3,22.9
64113.0,22.0,22.3,22.3,23.0
64143.0,22.0,22.3,22.3,23.2
64173.0,22.0,22.3,22.3,23.3
64203.0,22.0,22.3,22.3,23.4
64233.0,22.0,22.3,22.3,23.4
64263.0,22.0,22.3,22.3,23.5
64293.0,22.0,22.3,22.3,23.6
64323.0,22.0,22.3,22.3,23.7
64353.0,22.0,22.3,22.3,23.9
64383.0,22.0,22.3,22.3,24.0
64413.0,22.0,22.3,22.3,24.1
64443.0,22.0,22.3,22.3,24.3
64473.0,22.1,22.4,22.3,24.3
64503.0,22.1,22.4,22.5,24.4
64533.0,22.1,22.4,22.5,24.4
64563.0,22.3,22.6,22.6,24.4
64593.0,22.3,22.6,22.6,24.3
64623.0,22.4,22.7,22.7,24.3
64653.0,22.4,22.7,22.7,24.1
64683.0,22.4,22.7,22.7,24.1
64713.0,22.4,22.7,22.7,24.0
64743.0,22.4,22.7,22.7,24.0
64773.0,22.4,22.7,22.7,23.9
64803.0,22.4,22.7,22.7,23.9
64833.0,22.4,22.7,22.7,23.9
64863.0,22.4,22.7,22.7,23.9
64893.0,22.4,22.7,22.7,23.9
64923.0,22.4,22.7,22.6,23.9
64953.0,22.3,22.6,22.6,24.0
64983.0,22.3,22.6,22.6,24.1
65013.0,22.2,22.5,22.4,24.1
65043.0,22.2,22.5,22.4,24.0
65073.0,22.2,22.5,22.3,23.2
65103.0,22.1,22.4,22.3,21.2
65133.0,22.1,22.4,22.3,19.7
65163.0,22.1,22.4,22.3,18.8
65193.0,22.1,22.4,22.3,18.5
65223.0,22.1,22.4,22.3,18.4
65253.0,22.1,22.4,22.3,18.4
65283.0,22.1,22.4,22.3,18.7
65313.0,22.2,22.5,22.5,19.0
65343.0,22.3,22.6,22.6,19.4
65373.0,22.4,22.8,22.7,22.4
65403.0,22.6,23.0,23.0,34.5
65433.0,22.8,23.1,23.1,31.6
65463.0,23.1,23.4,23.3,29.8
65493.0,23.3,23.6,23.7,28.5
65523.0,23.6,23.9,24.0,27.5
65553.0,23.9,24.2,24.2,26.6
65583.0,23.9,24.2,24.0,26.0
65613.0,23.9,24.1,24.6,26.7
65643.0,24.3,24.8,24.3,26.1
65673.0,23.9,24.2,24.1,25.4
65703.0,23.9,24.2,24.2,24.9
65733.0,23.9,24.2,24.2,24.3
65763.0,23.9,24.2,24.2,24.0
65793.0,23.9,24.2,24.2,23.8
65823.0,23.9,24.2,24.2,23.8
65853.0,23.9,24.2,24.2,24.0
65883.0,23.9,24.2,24.1,24.0
65913.0,23.5,23.8,24.0,24.0
65943.0,24.0,24.3,24.1,24.0
65973.0,23.6,23.8,24.0,24.0
66003.0,24.0,24.3,24.1,23.9
66033.0,23.6,23.9,24.0,23.9
66063.0,24.0,24.3,24.1,24.0
66093.0,23.9,24.1,24.4,24.2
66123.0,24.3,24.6,24.4,24.4
66153.0,24.0,24.3,24.2,24.2
66183.0,24.8,25.0,25.3,24.2
66213.0,24.2,24.6,24.2,24.1
66243.0,23.8,24.1,24.2,24.2
66273.0,24.0,24.3,24.2,24.2
66303.0,23.9,24.3,24.2,24.1
66333.0,23.9,24.2,24.2,24.1
66363.0,23.9,24.2,24.2,24.1
66393.0,23.9,24.2,24.2,24.1
66423.0,23.9,24.2,24.2,24.1
66453.0,23.9,24.3,24.2,24.2
66483.0,23.9,24.3,24.2,24.2
66513.0,23.9,24.2,24.2,24.2
66543.0,24.4,24.8,24.5,24.3
66573.0,23.9,24.2,24.2,24.4
66603.0,23.9,24.2,24.2,24.3
66633.0,23.9,24.2,24.2,24.5
66663.0,23.9,24.2,24.2,24.5
66693.0,23.9,24.2,24.2,24.5
66723.0,23.9,24.2,24.2,24.5
66753.0,23.9,24.2,24.2,24.5
66783.0,23.9,24.2,24.2,24.5
66813.0,23.9,24.2,24.2,24.5
66843.0,23.9,24.2,24.2,24.5
66873.0,23.9,24.2,24.2,24.4
66903.0,23.9,24.2,24.2,24.3
66933.0,23.9,24.2,24.2,24.3
66963.0,23.9,24.2,24.2,24.3
66993.0,23.9,24.2,24.2,24.3
67023.0,23.9,24.2,24.2,24.2
67053.0,23.9,24.2,24.2,24.2
67083.0,23.9,24.2,24.1,24.2
67113.0,23.8,24.1,24.1,24.2
67143.0,23.8,24.1,24.1,24.1
67173.0,23.8,24.1,23.9,24.1
67203.0,23.7,24.0,23.9,24.1
67233.0,23.7,24.0,23.9,24.1
67263.0,23.5,23.8,23.8,24.1
67293.0,23.5,23.8,23.8,24.1
67323.0,23.4,23.7,23.7,24.1
67353.0,23.4,23.7,23.7,24.1
67383.0,23.3,23.6,23.6,24.0
67413.0,23.3,23.6,23.6,24.2
67443.0,23.2,23.5,23.4,24.8
67473.0,23.2,23.5,23.4,25.5
67503.0,23.0,23.3,23.3,26.0
67533.0,23.0,23.3,23.3,26.3
67563.0,22.9,23.3,23.2,26.6
67593.0,22.9,23.2,23.2,26.6
67623.0,22.9,23.2,23.1,26.4
67653.0,22.8,23.0,23.0,26.1
67683.0,22.7,23.0,23.0,25.7
67713.0,22.3,22.7,22.5,25.4
67743.0,22.5,22.7,22.8,25.0
67773.0,22.5,22.7,22.7,24.8
67803.0,22.4,22.6,22.5,24.6
67833.0,22.2,22.4,22.4,24.4
67863.0,22.1,22.3,22.4,24.3
67893.0,22.1,22.3,22.3,24.2
67923.0,22.1,22.3,22.3,24.1
67953.0,22.1,22.3,22.3,24.0
67983.0,22.1,22.3,22.4,24.0
68013.0,22.1,22.3,22.3,23.7
68043.0,22.1,22.3,22.3,23.7
68073.0,22.1,22.3,22.3,23.7
68103.0,22.1,22.3,22.3,23.7
68133.0,22.1,22.3,22.3,23.7
68163.0,22.1,22.3,22.3,23.8
68193.0,22.1,22.3,22.3,23.8
68223.0,22.1,22.3,22.3,23.9
68253.0,22.1,22.3,22.3,23.9
68283.0,22.1,22.3,22.4,23.9
68313.0,22.1,22.3,22.4,24.1
68343.0,22.1,22.3,22.4,23.9
68373.0,22.1,22.3,22.4,23.3
68403.0,22.1,22.3,22.4,22.5
68433.0,21.8,22.2,22.1,22.1
68463.0,21.8,22.2,22.2,22.0
68493.0,22.0,22.3,22.2,22.0
68523.0,22.0,22.3,22.3,22.2
68553.0,22.0,22.3,22.3,22.3
68583.0,22.0,22.3,22.3,22.5
68613.0,22.0,22.3,22.3,22.8
68643.0,22.0,22.3,22.3,23.1
68673.0,22.0,22.3,22.3,23.2
68703.0,22.0,22.3,22.3,23.4
68733.0,22.0,22.3,22.3,23.5
68763.0,22.0,22.3,22.3,23.5
68793.0,22.0,22.3,22.3,23.6
68823.0,22.0,22.3,22.3,23.6
68853.0,22.0,22.4,22.3,23.6
68883.0,22.1,22.4,22.3,23.7
68913.0,22.2,22.5,22.4,23.7
68943.0,22.3,22.6,22.5,23.7
68973.0,22.4,22.7,22.7,23.7
69003.0,22.6,22.9,22.8,23.9
69033.0,22.8,23.0,23.0,24.3
69063.0,22.9,23.2,23.2,24.7
69093.0,23.0,23.3,23.4,25.1
69123.0,23.2,23.5,23.6,25.5
69153.0,23.3,23.6,23.7,25.7
69183.0,23.5,23.7,23.7,25.8
69213.0,23.6,23.9,23.8,25.8
69243.0,23.6,23.9,23.8,25.6
69273.0,23.6,23.9,23.8,25.5
69303.0,23.6,23.9,23.8,25.3
69333.0,23.6,23.9,23.8,25.0
69363.0,23.6,23.9,23.8,24.3
69393.0,23.6,23.9,23.8,23.1
69423.0,24.4,24.7,24.6,22.4
69453.0,23.4,23.7,23.6,22.1
69483.0,23.4,23.7,23.7,22.0
69513.0,23.4,23.7,23.7,22.0
69543.0,23.3,23.6,23.6,22.2
69573.0,23.3,23.6,23.6,22.5
69603.0,23.3,23.6,23.5,22.8
69633.0,23.3,23.6,23.5,23.0
69663.0,23.3,23.5,23.5,23.2
69693.0,23.3,23.5,23.5,23.3
69723.0,23.3,23.5,23.5,23.4
69753.0,23.3,23.5,23.5,23.6
69783.0,23.3,23.5,23.5,23.8
69813.0,23.3,23.5,23.5,24.2
69843.0,23.3,23.5,23.5,25.0
69873.0,23.3,23.5,23.5,25.7
69903.0,23.3,23.5,23.5,26.3
69933.0,23.3,23.5,23.5,26.7
69963.0,23.3,23.5,23.5,26.8
69993.0,23.3,23.5,23.5,26.7
70023.0,23.2,23.5,23.3,26.4
70053.0,23.1,23.4,23.3,26.0
70083.0,22.9,23.2,23.2,25.6
70113.0,22.8,23.1,23.1,25.2
70143.0,22.7,23.0,23.0,24.5
70173.0,22.6,22.9,22.9,23.1
70203.0,22.4,22.7,22.7,22.1
70233.0,22.3,22.6,22.5,21.9
70263.0,22.1,22.4,22.3,21.8
70293.0,22.0,22.3,22.3,21.9
70323.0,22.0,22.3,22.3,22.1
70353.0,21.8,22.1,22.0,22.3
70383.0,21.9,22.1,22.2,22.5
70413.0,21.9,22.3,22.2,22.8
70443.0,22.0,22.3,22.2,23.0
70473.0,22.0,22.3,22.3,23.2
70503.0,22.0,22.3,22.3,23.4
70533.0,22.0,22.4,22.3,23.5
70563.0,22.1,22.4,22.3,23.5
70593.0,22.1,22.5,22.4,23.5
70623.0,22.3,22.6,22.5,23.5
70653.0,22.4,22.7,22.7,23.4
70683.0,22.5,22.8,22.8,23.4
70713.0,22.6,23.0,22.9,23.4
70743.0,22.8,23.1,23.1,23.4
70773.0,22.9,23.3,23.2,23.4
70803.0,23.1,23.4,23.4,23.3
70833.0,23.2,23.4,23.5,23.3
70863.0,23.2,23.5,23.5,23.4
70893.0,23.2,23.5,23.5,23.6
70923.0,23.3,23.5,23.6,23.9
70953.0,23.3,23.5,23.6,24.6
70983.0,23.3,23.5,23.6,25.3
71013.0,23.3,23.5,23.6,26.0
71043.0,23.3,23.5,23.6,26.6
71073.0,23.3,23.5,23.6,27.0
71103.0,24.1,24.4,24.0,27.2
71133.0,23.2,23.4,23.5,27.2
71163.0,23.4,23.7,23.7,26.8
71193.0,23.4,23.7,23.7,26.3
71223.0,23.4,23.7,23.7,25.8
71253.0,23.4,23.7,23.8,25.3
71283.0,23.6,23.8,23.8,24.9
71313.0,23.6,23.8,23.8,24.6
71343.0,23.6,23.8,23.8,24.4
71373.0,23.5,23.8,23.8,24.0
71403.0,23.5,23.7,23.7,22.7
71433.0,23.3,23.7,23.7,21.9
71463.0,23.2,23.6,23.5,21.7
71493.0,23.1,23.4,23.4,21.6
71523.0,23.0,23.3,23.2,21.7
71553.0,22.9,23.2,23.1,21.8
71583.0,22.7,23.1,23.0,22.0
71613.0,22.6,22.9,22.8,22.3
71643.0,22.5,22.8,22.7,22.6
71673.0,22.3,22.6,22.6,22.9
71703.0,22.2,22.5,22.6,23.1
71733.0,22.1,22.4,22.4,23.4
71763.0,22.1,22.4,22.4,23.6
71793.0,21.8,22.1,22.0,23.7
71823.0,21.8,22.1,22.2,23.8
71853.0,21.9,22.2,22.2,23.9
71883.0,21.9,22.2,22.3,24.0
71913.0,22.1,22.3,22.3,24.0
71943.0,22.1,22.3,22.4,24.0
71973.0,22.2,22.5,22.5,24.0
72003.0,22.3,22.6,22.7,24.0
72033.0,22.4,22.7,22.8,23.9
72063.0,22.6,22.9,22.9,23.8
72093.0,22.8,23.1,23.1,23.7
72123.0,22.9,23.2,23.2,23.5
72153.0,23.0,23.3,23.3,23.4
72183.0,23.0,23.3,23.3,23.4
72213.0,23.0,23.3,23.3,23.4
72243.0,23.0,23.3,23.3,23.5
72273.0,23.0,23.3,23.3,23.6
72303.0,22.9,23.2,23.2,23.7
72333.0,22.9,23.2,23.2,23.8
72363.0,22.9,23.2,23.2,23.8
72393.0,22.9,23.2,23.4,23.9
72423.0,23.5,23.9,23.6,23.9
72453.0,23.0,23.3,23.3,23.9
72483.0,23.2,23.5,23.5,24.0
72513.0,23.2,23.5,23.5,24.0
72543.0,23.3,23.6,23.6,24.0
72573.0,23.5,23.7,23.8,24.0
72603.0,23.6,23.9,23.9,24.0
72633.0,23.7,24.0,24.0,24.0
72663.0,23.8,24.1,24.1,24.0
72693.0,24.0,24.2,24.1,23.9
72723.0,24.0,24.2,24.1,23.9
72753.0,24.0,24.2,24.1,23.9
72783.0,24.0,24.2,24.1,23.9
72813.0,24.0,24.2,24.1,23.9
72843.0,24.0,24.2,24.1,23.9
72873.0,24.0,24.2,24.1,23.9
72903.0,24.4,24.7,24.4,23.9
72933.0,24.0,24.3,24.3,23.9
72963.0,24.0,24.3,24.3,24.0
72993.0,24.0,24.3,24.2,24.0
73023.0,24.0,24.3,24.2,24.0
73053.0,24.0,24.3,24.2,24.0
73083.0,24.0,24.3,24.2,24.0
73113.0,24.0,24.3,24.2,24.1
73143.0,24.0,24.3,24.2,24.1
73173.0,24.0,24.3,24.2,24.1
73203.0,24.0,24.3,24.2,24.2
73233.0,24.0,24.3,24.2,24.2
73263.0,24.0,24.3,24.2,24.2
73293.0,24.0,24.3,24.2,24.2
73323.0,24.0,24.3,24.2,24.2
73353.0,24.0,24.3,24.2,24.2
73383.0,24.0,24.3,24.2,24.3
73413.0,24.0,24.3,24.2,24.2
73443.0,24.0,24.3,24.2,24.2
73473.0,24.0,24.3,24.2,24.2
73503.0,24.0,24.3,24.2,24.2
73533.0,24.0,24.3,24.2,24.2
73563.0,24.0,24.3,24.2,24.2
73593.0,24.0,24.3,24.2,24.2
73623.0,24.0,24.3,24.2,24.1
73653.0,24.0,24.3,24.2,24.1
73683.0,24.0,24.3,24.2,24.1
73713.0,24.0,24.3,24.2,24.1
73743.0,24.0,24.3,24.2,24.1
73773.0,24.0,24.3,24.2,24.1
73803.0,24.0,24.3,24.2,24.0
73833.0,24.0,24.3,24.2,24.0
73863.0,24.0,24.3,24.2,24.0
73893.0,24.0,24.3,24.2,24.0
73923.0,24.0,24.3,24.2,24.1
73953.0,24.0,24.3,24.2,24.1
73983.0,24.0,24.3,24.2,24.1
74013.0,24.0,24.3,24.2,24.1
74043.0,24.0,24.3,24.2,24.1
74073.0,24.0,24.3,24.2,24.1
74103.0,24.0,24.3,24.2,24.1
74133.0,24.0,24.3,24.2,24.1
74163.0,24.0,24.3,24.2,24.1
74193.0,24.0,24.3,24.2,24.1
74223.0,24.0,24.3,24.2,24.1
74253.0,24.0,24.3,24.2,24.1
74283.0,24.0,24.3,24.2,24.1
74313.0,24.0,24.3,24.2,24.0
74343.0,24.0,24.3,24.2,24.0
74373.0,24.0,24.3,24.2,24.0
74403.0,24.0,24.3,24.2,24.0
74433.0,24.0,24.3,24.2,24.0
74463.0,24.0,24.3,24.2,24.1
74493.0,24.0,24.3,24.2,24.1
74523.0,24.0,24.3,24.2,24.1
74553.0,24.0,24.3,24.2,24.1
74583.0,24.0,24.3,24.2,24.1
74613.0,24.0,24.3,24.2,24.1
74643.0,24.0,24.3,24.2,24.0
74673.0,24.0,24.3,24.2,24.0
74703.0,24.0,24.3,24.2,24.0
74733.0,24.0,24.3,24.2,24.0
74763.0,24.0,24.3,24.2,24.1
74793.0,24.0,24.3,24.2,24.1
74823.0,24.0,24.3,24.2,24.0
74853.0,24.0,24.3,24.2,24.0
74883.0,24.0,24.3,24.2,24.0
74913.0,24.0,24.3,24.2,24.0
74943.0,24.0,24.3,24.2,24.0
74973.0,24.0,24.3,24.2,24.0
75003.0,24.0,24.3,24.2,24.0
75033.0,24.0,24.3,24.2,24.0
75063.0,24.0,24.3,24.2,24.0
75093.0,24.0,24.3,24.2,24.0
75123.0,24.0,24.3,24.2,24.0
75153.0,24.0,24.3,24.2,24.0
75183.0,24.0,24.3,24.2,24.0
75213.0,24.0,24.3,24.2,24.1
75243.0,24.0,24.3,24.2,24.0
75273.0,24.0,24.3,24.2,24.0
75303.0,24.0,24.3,24.2,24.0
75333.0,24.0,24.3,24.2,24.1
75363.0,24.0,24.3,24.2,24.1
75393.0,24.0,24.3,24.2,24.0
75423.0,24.0,24.3,24.2,24.0
75453.0,24.0,24.3,24.2,24.0
75483.0,24.0,24.3,24.2,24.0
75513.0,24.0,24.3,24.2,24.0
75543.0,24.0,24.3,24.2,24.1
75573.0,24.0,24.3,24.2,24.1
75603.0,24.0,24.3,24.2,24.1
75633.0,24.0,24.3,24.2,24.1
75663.0,24.0,24.3,24.2,24.1
75693.0,24.0,24.3,24.2,24.1
75723.0,24.0,24.3,24.2,24.1
75753.0,24.0,24.3,24.2,24.1
75783.0,24.0,24.3,24.2,24.1
75813.0,24.0,24.3,24.2,24.1
75843.0,24.0,24.3,24.2,24.1
75873.0,24.0,24.3,24.2,24.1
75903.0,24.0,24.3,24.2,24.1
75933.0,24.0,24.3,24.2,24.1
75963.0,24.0,24.3,24.2,24.1
75993.0,24.0,24.2,24.2,24.1
76023.0,24.0,24.2,24.2,24.1
76053.0,24.0,24.2,24.2,24.1
76083.0,24.0,24.3,24.2,24.1
76113.0,24.0,24.3,24.2,24.1
76143.0,24.0,24.3,24.2,24.1
76173.0,24.0,24.3,24.2,24.1
76203.0,24.0,24.3,24.2,24.1
76233.0,24.0,24.3,24.2,24.1
76263.0,24.0,24.3,24.2,24.1
76293.0,24.0,24.3,24.2,24.1
76323.0,24.0,24.3,24.2,24.0
76353.0,24.0,24.3,24.2,24.0
76383.0,24.0,24.3,24.2,24.1
76413.0,24.0,24.3,24.2,24.1
76443.0,24.0,24.3,24.2,24.1
76473.0,24.0,24.3,24.2,24.1
76503.0,24.0,24.3,24.2,24.1
76533.0,24.0,24.3,24.2,24.1
76563.0,24.0,24.3,24.2,24.1
76593.0,24.0,24.3,24.2,24.2
76623.0,24.0,24.3,24.2,24.4
76653.0,24.0,24.3,24.2,24.6
76683.0,24.0,24.3,24.2,24.4
76713.0,24.0,24.3,24.2,24.3
76743.0,24.0,24.3,24.2,24.2
76773.0,24.0,24.3,24.2,24.2
76803.0,23.9,24.2,24.2,24.2
76833.0,23.9,24.2,24.2,24.1
76863.0,23.9,24.2,24.2,24.1
76893.0,23.9,24.2,24.1,24.0
76923.0,23.7,24.0,24.1,23.9
76953.0,23.7,24.0,24.1,23.8
76983.0,23.7,24.0,24.0,23.8
77013.0,23.6,23.9,24.0,23.8
77043.0,23.6,23.9,23.9,23.8
77073.0,23.6,23.9,23.9,23.8
77103.0,23.5,23.8,23.9,23.8
77133.0,23.5,23.8,23.7,23.9
77163.0,23.5,23.8,23.7,23.9
77193.0,23.3,23.6,23.7,23.9
77223.0,23.3,23.6,23.6,23.9
77253.0,23.3,23.6,23.6,24.0
77283.0,23.2,23.5,23.6,24.0
77313.0,23.2,23.5,23.5,24.0
77343.0,23.2,23.5,23.5,24.0
77373.0,23.1,23.4,23.4,24.0
77403.0,23.1,23.4,23.4,24.0
77433.0,23.0,23.3,23.4,24.0
77463.0,23.0,23.3,23.2,24.0
77493.0,23.0,23.3,23.2,24.0
77523.0,22.8,23.1,23.1,24.0
77553.0,22.8,23.1,23.1,24.0
77583.0,22.8,23.1,23.1,24.0
77613.0,22.7,23.0,23.0,24.0
77643.0,22.7,23.0,23.0,24.0
77673.0,22.5,22.8,23.0,24.1
77703.0,22.6,22.9,22.8,24.1
77733.0,22.6,22.9,22.9,24.1
77763.0,22.6,23.0,22.9,24.1
77793.0,22.3,22.7,22.9,24.1
77823.0,22.4,22.7,22.5,24.1
77853.0,22.5,22.8,22.8,24.0
77883.0,22.5,22.8,22.9,24.0
77913.0,22.6,22.9,22.9,24.0
77943.0,22.6,22.9,22.9,24.0
77973.0,22.6,22.9,22.9,24.0
78003.0,22.6,22.9,22.9,24.0
78033.0,22.6,22.9,22.9,24.0
78063.0,22.6,22.9,22.9,24.0
78093.0,22.6,22.9,22.9,24.0
78123.0,22.6,22.9,22.9,24.1
78153.0,22.6,22.9,22.9,24.1
78183.0,22.8,23.1,23.0,24.1
78213.0,22.7,23.0,23.0,24.1
78243.0,22.7,23.0,22.9,24.1
78273.0,22.7,23.0,22.9,24.2
78303.0,22.7,23.0,22.9,24.2
78333.0,22.7,22.9,22.9,24.2
78363.0,22.7,22.9,22.9,24.2
78393.0,22.7,22.9,22.9,24.2
78423.0,22.7,23.0,22.9,24.2
78453.0,22.7,23.0,22.9,24.2
78483.0,22.8,23.0,23.0,24.2
78513.0,22.8,23.1,23.1,24.2
78543.0,22.9,23.1,23.1,24.2
78573.0,22.9,23.2,23.2,24.2
78603.0,23.0,23.2,23.2,24.1
78633.0,23.0,23.3,23.2,24.1
78663.0,23.0,23.3,23.2,24.1
78693.0,23.0,23.3,23.2,24.1
78723.0,23.0,23.3,23.2,24.1
78753.0,23.0,23.3,23.3,24.1
78783.0,23.0,23.3,23.3,24.1
78814.0,23.0,23.3,23.3,24.2
78843.0,23.0,23.3,23.3,24.2
78873.0,23.0,23.3,23.3,24.3
78903.0,23.0,23.3,23.3,24.3
78933.0,23.0,23.3,23.3,24.4
78963.0,23.0,23.2,23.2,24.4
78993.0,22.9,23.2,23.2,24.4
79023.0,22.9,23.2,23.2,24.5
79053.0,22.9,23.1,23.1,24.6
79083.0,22.8,23.1,23.1,24.5
79113.0,22.8,23.0,23.0,24.5
79143.0,22.7,23.0,23.0,24.4
79173.0,22.7,22.9,22.9,24.4
79203.0,22.6,22.9,22.9,24.4
79233.0,22.6,22.8,22.8,24.4
79263.0,22.5,22.8,22.8,24.4
79293.0,22.4,22.7,22.6,24.3
79323.0,22.4,22.7,22.6,24.3
79353.0,22.2,22.5,22.5,24.2
79383.0,22.2,22.5,22.5,24.3
79413.0,22.1,22.4,22.4,24.3
79443.0,22.1,22.4,22.3,24.3
79473.0,22.0,22.3,22.3,24.3
79504.0,22.0,22.3,22.3,24.4
79534.0,22.0,22.3,22.3,24.4
79564.0,22.0,22.3,22.3,24.4
79594.0,22.0,22.3,22.3,24.5
79624.0,22.0,22.3,22.3,24.4
79654.0,22.0,22.3,22.3,24.4
79684.0,22.0,22.3,22.3,24.5
79714.0,22.0,22.3,22.3,24.3
79744.0,22.0,22.3,22.3,24.2
79774.0,22.0,22.3,22.3,24.2
79804.0,22.0,22.3,22.3,24.2
79834.0,22.0,22.3,22.3,24.2
79864.0,22.0,22.3,22.3,24.2
79894.0,22.0,22.3,22.3,24.2
79924.0,22.0,22.3,22.3,24.2
79954.0,22.0,22.3,22.3,24.2
79984.0,22.2,22.5,22.4,24.3
80014.0,22.0,22.3,22.4,24.3
80044.0,22.0,22.3,22.3,24.2
80074.0,22.0,22.3,22.3,24.2
80104.0,22.0,22.3,22.3,24.1
80134.0,22.0,22.3,22.3,24.1
80164.0,22.0,22.3,22.3,24.1
80194.0,22.0,22.3,22.3,24.1
80224.0,22.0,22.3,22.3,24.1
80254.0,22.0,22.3,22.3,24.1
80284.0,22.0,22.3,22.3,24.2
80314.0,22.0,22.3,22.3,24.2
80344.0,22.0,22.3,22.3,24.1
80374.0,22.0,22.3,22.3,24.1
80404.0,22.0,22.3,22.3,24.1
80434.0,22.0,22.3,22.3,24.1
80464.0,22.0,22.3,22.3,24.1
80494.0,22.0,22.3,22.3,24.0
80524.0,22.0,22.3,22.3,24.0
80554.0,22.0,22.3,22.3,24.0
80584.0,22.0,22.3,22.3,24.0
80614.0,22.0,22.3,22.3,23.5
80644.0,22.0,22.3,22.3,24.0
80674.0,22.0,22.3,22.3,24.1
80704.0,22.0,22.3,22.3,24.0
80734.0,22.0,22.3,22.3,24.0
80764.0,22.0,22.3,22.3,23.9
80794.0,22.0,22.3,22.3,23.4
80824.0,22.0,22.3,22.3,22.5
80854.0,22.0,22.3,22.3,22.0
80884.0,22.1,22.4,22.4,21.9
80914.0,21.9,22.2,22.3,21.2
80944.0,21.9,22.2,22.2,21.5
80974.0,22.0,22.3,22.3,21.7
81004.0,22.0,22.3,22.3,22.0
81034.0,22.0,22.3,22.3,22.2
81064.0,22.0,22.3,22.3,22.5
81094.0,22.2,22.5,22.4,22.8
81124.0,22.4,22.7,22.6,23.0
81154.0,22.6,22.9,22.8,23.1
81184.0,22.8,23.1,23.0,23.2
81214.0,23.1,23.4,23.3,23.2
81244.0,23.4,23.7,23.6,23.1
81274.0,23.7,24.0,23.9,23.0
81304.0,23.9,24.2,24.2,23.0
81334.0,24.0,24.2,23.8,24.1
81364.0,24.3,24.7,24.7,24.0
81394.0,23.9,24.2,24.1,23.9
81424.0,23.9,24.2,24.1,23.8
81454.0,23.9,24.2,24.1,23.8
81484.0,23.9,24.2,24.2,23.8
81514.0,23.9,24.2,24.2,23.8
81544.0,23.9,24.2,24.2,23.8
81574.0,23.9,24.2,24.2,23.9
81604.0,23.9,24.2,24.2,23.9
81634.0,23.5,23.8,23.7,23.9
81664.0,24.0,24.3,24.3,23.9
81694.0,23.6,23.8,23.8,24.0
81724.0,24.0,24.3,24.3,24.0
81754.0,23.6,23.9,23.8,24.1
81784.0,24.0,24.3,24.2,24.1
81814.0,23.9,24.1,23.9,24.4
81844.0,24.3,24.5,24.6,24.5
81874.0,24.0,24.3,24.2,24.4
81904.0,24.9,25.2,25.0,24.3
81934.0,23.8,24.2,24.4,24.3
81964.0,24.0,24.2,24.1,24.2
81994.0,24.1,24.4,24.3,24.2
82024.0,23.9,24.2,24.2,24.2
82054.0,23.9,24.2,24.2,24.2
82084.0,23.9,24.2,24.2,24.2
82114.0,23.9,24.2,24.2,24.2
82144.0,24.5,24.8,24.5,24.3
82174.0,23.9,24.3,24.3,24.4
82204.0,23.9,24.3,24.2,24.4
82234.0,23.9,24.3,24.2,24.4
82264.0,23.9,24.3,24.2,24.4
82294.0,23.9,24.3,24.2,24.3
82324.0,23.9,24.3,24.2,24.3
82354.0,23.9,24.3,24.2,24.3
82384.0,23.9,24.3,24.2,24.3
82414.0,23.9,24.3,24.2,24.3
82444.0,23.9,24.3,24.2,24.3
82474.0,23.9,24.3,24.2,24.2
82504.0,23.9,24.3,24.2,24.2
82534.0,23.9,24.3,24.2,24.2
82564.0,23.9,24.3,24.2,24.2
82594.0,23.9,24.3,24.2,24.2
82624.0,23.9,24.3,24.2,24.2
82654.0,23.9,24.3,24.2,24.2
82684.0,23.9,24.3,24.2,24.2
82714.0,23.8,24.1,24.2,24.2
82744.0,23.8,24.1,24.2,24.2
82774.0,23.8,24.1,24.2,24.2
82804.0,23.8,24.1,24.1,24.6
82834.0,23.7,24.0,24.1,25.4
82864.0,23.7,24.0,24.0,26.0
82894.0,23.6,23.9,24.0,26.4
82924.0,23.6,23.9,23.9,26.6
82954.0,23.5,23.8,23.9,26.6
82984.0,23.5,23.8,23.7,26.2
83014.0,23.4,23.7,23.7,25.8
83044.0,23.4,23.7,23.6,25.4
83074.0,23.3,23.5,23.5,25.1
83104.0,23.1,23.5,23.5,24.8
83134.0,23.0,23.3,23.3,24.6
83164.0,22.9,23.2,23.2,23.7
83194.0,22.7,23.1,23.1,24.2
83224.0,22.6,23.0,23.0,24.1
83254.0,22.4,22.8,22.8,23.8
83284.0,22.3,22.7,22.7,23.8
83314.0,22.0,22.3,22.4,23.8
83344.0,22.0,22.3,22.2,23.8
83374.0,22.0,22.3,22.2,23.1
83404.0,22.0,22.3,22.2,22.6
83434.0,22.0,22.3,22.2,22.4
83464.0,22.0,22.3,22.2,22.4
83494.0,22.0,22.3,22.2,22.6
83524.0,22.0,22.3,22.2,22.7
83554.0,22.0,22.3,22.2,22.8
83584.0,22.1,22.4,22.4,23.0
83614.0,22.0,22.3,22.3,22.8
83644.0,22.0,22.3,22.3,23.0
83674.0,22.0,22.3,22.3,23.3
83704.0,22.0,22.3,22.3,23.5
83734.0,22.0,22.3,22.3,23.6
83764.0,22.0,22.3,22.3,23.6
83794.0,22.0,22.3,22.3,23.7
83824.0,22.0,22.3,22.3,23.8
83854.0,22.0,22.3,22.3,23.9
83884.0,22.0,22.3,22.3,23.9
83914.0,22.0,22.3,22.3,24.0
83944.0,22.0,22.3,22.3,24.0
83974.0,22.0,22.3,22.3,24.0
84004.0,22.1,22.4,22.3,23.8
84034.0,22.1,22.4,22.3,23.8
84064.0,22.1,22.4,22.4,23.7
84094.0,22.2,22.5,22.4,23.7
84124.0,22.2,22.5,22.5,23.7
84154.0,22.4,22.6,22.7,23.6
84184.0,22.5,22.7,22.8,23.6
84214.0,22.6,22.9,22.9,23.5
84244.0,22.7,23.0,23.0,23.5
84274.0,22.8,23.1,23.1,23.6
84304.0,22.9,23.2,23.2,23.6
84334.0,23.1,23.3,23.4,23.7
84364.0,23.2,23.4,23.4,23.7
84394.0,23.3,23.6,23.5,23.7
84424.0,23.4,23.7,23.6,23.7
84454.0,23.4,23.7,23.6,23.8
84484.0,23.5,23.8,23.8,23.8
84514.0,23.5,23.8,23.8,23.8
84544.0,23.7,24.0,23.9,23.8
84574.0,23.7,24.0,23.9,23.9
84604.0,23.8,24.1,24.0,23.9
84634.0,23.8,24.1,24.0,23.9
84664.0,23.9,24.2,24.1,24.0
84694.0,23.9,24.2,24.1,24.0
84724.0,23.9,24.2,24.1,24.0
84754.0,23.9,24.2,24.1,24.0
84784.0,23.9,24.2,24.1,24.0
84814.0,23.9,24.2,24.1,24.0
84844.0,23.9,24.2,24.1,24.0
84874.0,23.9,24.2,24.1,24.1
84904.0,24.6,24.8,24.7,24.1
84934.0,23.9,24.2,24.2,24.1
84964.0,24.0,24.3,24.2,24.1
84994.0,23.9,24.2,24.2,24.1
85024.0,23.9,24.2,24.2,24.2
85054.0,23.9,24.2,24.2,24.2
85084.0,23.9,24.2,24.2,24.2
85114.0,23.9,24.2,24.2,24.2
85144.0,23.9,24.2,24.2,24.2
85174.0,23.9,24.2,24.2,24.1
85204.0,23.9,24.2,24.2,24.1
85234.0,23.9,24.2,24.2,24.1
85264.0,23.9,24.2,24.2,24.1
85294.0,23.9,24.2,24.2,24.1
85324.0,23.9,24.2,24.2,24.1
85354.0,23.9,24.2,24.2,24.1
85384.0,23.9,24.2,24.2,24.1
85414.0,23.9,24.2,24.2,24.1
85444.0,23.9,24.2,24.2,24.1
85474.0,23.9,24.2,24.2,24.1
85504.0,23.9,24.2,24.2,24.1
85534.0,23.9,24.2,24.2,24.1
85564.0,23.9,24.2,24.2,24.1
85594.0,23.9,24.2,24.2,24.0
85624.0,23.9,24.2,24.2,24.0
85654.0,23.9,24.2,24.2,24.0
85684.0,23.9,24.2,24.2,24.0
85714.0,23.9,24.2,24.2,24.0
85744.0,23.9,24.2,24.2,24.0
85774.0,23.9,24.2,24.2,24.0
85804.0,23.9,24.2,24.2,24.0
85834.0,23.9,24.2,24.2,24.0
85864.0,23.9,24.2,24.2,24.0
85894.0,23.9,24.2,24.2,24.0
85924.0,23.9,24.2,24.2,24.0
85954.0,23.9,24.2,24.2,24.0
85984.0,23.9,24.2,24.2,24.0
86014.0,23.9,24.2,24.2,24.0
86044.0,23.9,24.2,24.2,24.0
86074.0,23.9,24.2,24.2,24.0
86104.0,23.9,24.2,24.2,24.0
86134.0,23.9,24.2,24.2,24.0
86164.0,23.9,24.2,24.2,24.1
86194.0,23.9,24.2,24.2,24.1
86224.0,23.9,24.2,24.2,24.1
86254.0,24.0,24.2,23.9,24.2
86284.0,24.2,24.5,24.6,24.4
86314.0,23.7,24.0,23.9,24.4
86344.0,23.9,24.2,24.2,24.9
86374.0,23.7,24.0,23.9,25.7
86391.0,23.7,24.0,23.9,25.7
